Rank,Site,Manufacturer,Computer,Country,Year,Processors,RMax,RPeak,Nmax,Nhalf,Processor Family,Processor,Proc. Frequency,System Family,Operating System,Architecture,Segment,Application Area,Interconnect Family,Interconnect,Region,Continent
77,Bureau of Meteorology / CSIRO HPCCC,NEC,SX-5/32M2,Australia,2000,32,243,256,0,0,NEC,NEC,250,NEC Vector,Super-UX,Constellations,Research,Weather and Climate Research,Crossbar,Multi-stage crossbar,Australia and New Zealand,Oceania
133,Australian Partnership for Advanced Computing (APAC),Sun Microsystems,HPC 10000 400 MHz Cluster,Australia,2000,256,137.1,204.8,0,0,Sparc,UltraSPARC II,400,Sun UltraHPC,Solaris,Constellations,Academic,Not Specified,N/A,N/A,Australia and New Zealand,Oceania
188,University of Adelaide,Sun Microsystems,HPC 420 450 MHz Cluster,Australia,2000,160,110.01,144,0,0,Sparc,Sparc,450.5,NOW - Sun,Solaris,Cluster,Academic,Not Specified,N/A,N/A,Australia and New Zealand,Oceania
308,Telecommunication Company,Sun Microsystems,HPC 10000 400 MHz Cluster,Australia,2000,128,80.1,102.4,57120,10752,Sparc,UltraSPARC II,400,Sun UltraHPC,Solaris,Constellations,Industry,Telecomm,N/A,N/A,Australia and New Zealand,Oceania
468,University of Queensland,Sun Microsystems,HPC 10000 400 MHz Cluster,Australia,2000,96,59.04,76.8,0,0,Sparc,UltraSPARC II,400,Sun UltraHPC,Solaris,Constellations,Academic,Not Specified,N/A,N/A,Australia and New Zealand,Oceania
53,European Patent Office,IBM,SP Power3 222 MHz,Austria,2000,562,334,499,0,0,Power,POWER3,222.2,IBM SP,AIX,MPP,Government,Not Specified,SP Switch,SP Switch,Western Europe,Europe
58,Federal Ministry for National Defense/STAB LRBS,IBM,SP Power3 375 MHz,Austria,2000,318,325,477,0,0,Power,POWER3,375,IBM SP,AIX,MPP,Government,Not Specified,SP Switch,SP Switch,Western Europe,Europe
117,Bayer AG,IBM,SP Power3 375 MHz,Austria,2000,150,154,225,0,0,Power,POWER3,375,IBM SP,AIX,MPP,Industry,Chemistry,SP Switch,SP Switch,Western Europe,Europe
209,Telekom Austria,IBM,SP Power3 375 MHz,Austria,2000,96,100,144,0,0,Power,POWER3,375,IBM SP,AIX,MPP,Industry,Telecomm,SP Switch,SP Switch,Western Europe,Europe
481,AI Informatics GmbH (AII),IBM,SP PC604e 332 MHz,Austria,2000,136,57.6,90.3,0,0,Power,PowerPC 604e,332.2,IBM SP,AIX,MPP,Industry,Database,SP Switch,SP Switch,Western Europe,Europe
270,Postes & Telecom,IBM,SP Power3 375 MHz,Belgium,2000,80,84,120,0,0,Power,POWER3,375,IBM SP,AIX,MPP,Industry,Telecomm,SP Switch,SP Switch,Western Europe,Europe
485,Procter and Gamble,IBM,SP PC604e 332 MHz,Belgium,1999,136,57.6,90.3,0,0,Power,PowerPC 604e,332.2,IBM SP,AIX,MPP,Industry,Not Specified,SP Switch,SP Switch,Western Europe,Europe
313,Telemar,Sun Microsystems,HPC 10000 400 MHz Cluster,Brazil,2000,128,80.1,102.4,57120,10752,Sparc,UltraSPARC II,400,Sun UltraHPC,Solaris,Constellations,Industry,Telecomm,N/A,N/A,South America,Americas
396,Telecommunication Company,Sun Microsystems,HPC 10000 400 MHz Cluster,Brazil,2000,104,64.73,83.2,0,0,Sparc,UltraSPARC II,400,Sun UltraHPC,Solaris,Constellations,Industry,Telecomm,N/A,N/A,South America,Americas
78,Meteorological Service of Canada (MSC),NEC,SX-5/32M2,Canada,1999,32,243,256,0,0,NEC,NEC,250,NEC Vector,Super-UX,Constellations,Research,Weather and Climate Research,Crossbar,Multi-stage crossbar,North America,Americas
93,Sobeys Canada,IBM,SP PC604e 332 MHz,Canada,2000,512,210.2,339.9,100000,20872,Power,PowerPC 604e,332.2,IBM SP,AIX,MPP,Industry,Database,SP Switch,SP Switch,North America,Americas
163,Meteorological Service of Canada (MSC),NEC,SX-4/64M2,Canada,1999,64,122,128,30080,4352,NEC,NEC,250,NEC Vector,EWS-UX/V,Constellations,Research,Weather and Climate Research,Crossbar,Multi-stage crossbar,North America,Americas
303,Oil Company,Sun Microsystems,HPC 10000 400 MHz Cluster,Canada,2000,128,80.1,102.4,57120,10752,Sparc,UltraSPARC II,400,Sun UltraHPC,Solaris,Constellations,Industry,Geophysics,N/A,N/A,North America,Americas
324,TELUS Communications Inc.,IBM,SP PC604e 332 MHz,Canada,1998,184,77.8,122.17,0,0,Power,PowerPC 604e,332.2,IBM SP,AIX,MPP,Industry,Telecomm,SP Switch,SP Switch,North America,Americas
405,Canadian National Defense,IBM,SP Power3 375 MHz,Canada,2000,60,63.6,90,0,0,Power,POWER3,375,IBM SP,AIX,MPP,Classified,Not Specified,SP Switch,SP Switch,North America,Americas
450,Finance Company,IBM,SP Power3 375 MHz,Canada,2000,56,59.4,84,0,0,Power,POWER3,375,IBM SP,AIX,MPP,Industry,Finance,SP Switch,SP Switch,North America,Americas
456,University of Sherbrooke,IBM,SP Power3 375 MHz,Canada,2000,56,59.4,84,0,0,Power,POWER3,375,IBM SP,AIX,MPP,Academic,Not Specified,SP Switch,SP Switch,North America,Americas
150,Telecom Denmark (Danadata),IBM,SP Power3 375 MHz,Denmark,2000,126,130,189,0,0,Power,POWER3,375,IBM SP,AIX,MPP,Industry,Telecomm,SP Switch,SP Switch,Northern Europe,Europe
208,Telecom Denmark (Danadata),IBM,SP Power3 375 MHz,Denmark,2000,96,100,144,0,0,Power,POWER3,375,IBM SP,AIX,MPP,Industry,Telecomm,SP Switch,SP Switch,Northern Europe,Europe
48,Digiton,IBM,SP Power3 375 MHz,Finland,2000,404,420,606,0,0,Power,POWER3,375,IBM SP,AIX,MPP,Industry,Not Specified,SP Switch,SP Switch,Northern Europe,Europe
66,CSC (Center for Scientific Computing),Cray Inc.,T3E750,Finland,2000,540,284,405,0,0,Alpha,Alpha EV5,374.5,Cray T3E/T3D,UNICOS,MPP,Academic,Not Specified,Cray Interconnect,3-D Torus,Northern Europe,Europe
147,CSC (Center for Scientific Computing),IBM,SP Power3 375 MHz,Finland,2000,128,132,192,107000,15400,Power,POWER3,375,IBM SP,AIX,MPP,Academic,Not Specified,SP Switch,SP Switch,Northern Europe,Europe
417,CSC (Center for Scientific Computing),SGI,ORIGIN 2000 300 MHz,Finland,1999,128,62.25,76.8,60032,9000,MIPS,MIPS R12000,300.3,SGI Origin,Linux,MPP,Academic,Not Specified,Crossbar,Hypercube,Northern Europe,Europe
65,Meteo-France,Fujitsu,VPP5000/31,France,1999,31,286,297.6,0,0,Fujitsu,Fujitsu,300,Fujitsu VPP,UXP/V,MPP,Research,Weather and Climate Research,Crossbar,Full distributed crossbar,Western Europe,Europe
67,CNRS/IDRIS,NEC,SX-5/38M3,France,2000,38,280,304,0,0,NEC,NEC,250,NEC Vector,Super-UX,Constellations,Academic,Not Specified,Crossbar,Multi-stage crossbar,Western Europe,Europe
92,Commissariat a l'Energie Atomique (CEA),Hewlett-Packard,AlphaServer SC ES40/EV67,France,1999,232,211,309.33,120000,0,Alpha,Alpha EV67,666.7,HP AlphaServer SC/GS,Tru64 UNIX,Cluster,Research,Energy,Quadrics,Quadrics,Western Europe,Europe
128,Commissariat a l'Energie Atomique (CEA),Fujitsu,VPP5000/15,France,1999,15,139,144,0,0,Fujitsu,Fujitsu,300,Fujitsu VPP,UXP/V,MPP,Research,Energy,Crossbar,Full distributed crossbar,Western Europe,Europe
132,Centre Informatique National (CINES),IBM,SP Power3 222 MHz,France,2000,224,138,198.9,0,0,Power,POWER3,222.2,IBM SP,AIX,MPP,Academic,Not Specified,SP Switch,SP Switch,Western Europe,Europe
160,ONERA,NEC,SX-5/16A,France,1999,16,123,128,99840,1340,NEC,NEC,250,NEC Vector,Super-UX,SMP,Research,Aerospace,Crossbar,Multi-stage crossbar,Western Europe,Europe
162,Banque National Paris,IBM,SP PC604e 332 MHz,France,2000,292,122,193.8,0,0,Power,PowerPC 604e,332.2,IBM SP,AIX,MPP,Industry,Finance,SP Switch,SP Switch,Western Europe,Europe
168,Alcatel,IBM,SP PC604e 332 MHz,France,2000,288,120,191.3,0,0,Power,PowerPC 604e,332.2,IBM SP,AIX,MPP,Industry,Telecomm,SP Switch,SP Switch,Western Europe,Europe
180,CNRS/IDRIS,Cray Inc.,T3E,France,1996,268,117,160.8,0,0,Alpha,Alpha EV5,300.3,Cray T3E/T3D,UNICOS,MPP,Academic,Not Specified,Cray Interconnect,3-D Torus,Western Europe,Europe
201,Centre Informatique National (CINES),SGI,ORIGIN 2000 300 MHz,France,1999,256,101.4,153.6,86400,13248,MIPS,MIPS R12000,300.3,SGI Origin,Linux,MPP,Academic,Not Specified,Crossbar,Hypercube,Western Europe,Europe
212,FT USEI,IBM,SP Power3 375 MHz,France,2000,94,98.2,141,0,0,Power,POWER3,375,IBM SP,AIX,MPP,Industry,Telecomm,SP Switch,SP Switch,Western Europe,Europe
279,Commissariat a l'Energie Atomique (CEA),Cray Inc.,T3E,France,1997,188,81.3,112.8,0,0,Alpha,Alpha EV5,300.3,Cray T3E/T3D,UNICOS,MPP,Research,Not Specified,Cray Interconnect,3-D Torus,Western Europe,Europe
284,Automotive Manufacturer,Sun Microsystems,HPC 10000 400 MHz Cluster,France,2000,128,80.1,102.4,57120,10752,Sparc,UltraSPARC II,400,Sun UltraHPC,Solaris,Constellations,Industry,Automotive,N/A,N/A,Western Europe,Europe
339,FT UEI Antony,IBM,SP PC604e 332 MHz,France,2000,178,75.2,118.19,0,0,Power,PowerPC 604e,332.2,IBM SP,AIX,MPP,Industry,Not Specified,SP Switch,SP Switch,Western Europe,Europe
355,Universite des Sciences et Technologies de Lille,IBM,SP Power3 375 MHz 16 way,France,2000,64,70.6,96,54000,11000,Power,POWER3,375,IBM SP,AIX,MPP,Academic,Not Specified,SP Switch,SP Switch,Western Europe,Europe
367,Centre Informatique National (CINES),IBM,SP P2SC 120 MHz,France,1999,207,67.8,99.36,0,0,Power,POWER2 SC,120,IBM SP,AIX,MPP,Academic,Not Specified,SP Switch,SP Switch,Western Europe,Europe
371,Dassault Aviation,IBM,SP Power3 375 MHz,France,2000,64,67.78,96,76000,10400,Power,POWER3,375,IBM SP,AIX,MPP,Industry,Aerospace,SP Switch,SP Switch,Western Europe,Europe
379,PSA Peugeot Citroen,IBM,SP Power3 375 MHz,France,2000,64,67.78,96,76000,10400,Power,POWER3,375,IBM SP,AIX,MPP,Industry,Automotive,SP Switch,SP Switch,Western Europe,Europe
388,Government,IBM,SP PC604e 332 MHz,France,1999,158,66.8,104.91,0,0,Power,PowerPC 604e,332.2,IBM SP,AIX,MPP,Classified,Not Specified,SP Switch,SP Switch,Western Europe,Europe
398,Centre Informatique National (CINES),SGI,ORIGIN 3000 400 MHz,France,2000,96,64.2,76.8,0,0,MIPS,MIPS R12000,400,SGI Origin,Linux,MPP,Academic,Not Specified,Crossbar,Hypercube,Western Europe,Europe
411,Axone,IBM,SP PC604e 332 MHz,France,2000,148,62.6,98.27,0,0,Power,PowerPC 604e,332.2,IBM SP,AIX,MPP,Industry,Not Specified,SP Switch,SP Switch,Western Europe,Europe
438,France Telecom,IBM,SP PC604e 332 MHz,France,2000,144,60.9,95.61,0,0,Power,PowerPC 604e,332.2,IBM SP,AIX,MPP,Industry,Telecomm,SP Switch,SP Switch,Western Europe,Europe
465,Oil Company,Sun Microsystems,HPC 10000 400 MHz Cluster,France,1999,96,59.04,76.8,0,0,Sparc,UltraSPARC II,400,Sun UltraHPC,Solaris,Constellations,Industry,Not Specified,N/A,N/A,Western Europe,Europe
480,Meteo-France,Fujitsu,VPP700/26E,France,1997,26,58,62.4,74880,5200,Fujitsu,Fujitsu,150,Fujitsu VPP,UXP/V,MPP,Research,Weather and Climate Research,Crossbar,Full distributed crossbar,Western Europe,Europe
483,France Telecom Mobile Services (FTMS),IBM,SP PC604e 332 MHz,France,2000,136,57.6,90.3,0,0,Power,PowerPC 604e,332.2,IBM SP,AIX,MPP,Industry,Not Specified,SP Switch,SP Switch,Western Europe,Europe
487,Oracle/IBM,IBM,SP P2SC 160 MHz,France,1998,128,57.24,81.92,39000,9180,Power,POWER2 SC,160,IBM SP,AIX,MPP,Industry,Database,SP Switch,SP Switch,Western Europe,Europe
495,Auchan,IBM,SP PC604e 332 MHz,France,1999,132,55.9,87.64,0,0,Power,PowerPC 604e,332.2,IBM SP,AIX,MPP,Industry,Database,SP Switch,SP Switch,Western Europe,Europe
497,Government,IBM,SP P2SC 160 MHz,France,1999,124,55.5,79.3,0,0,Power,POWER2 SC,160,IBM SP,AIX,MPP,Classified,Not Specified,SP Switch,SP Switch,Western Europe,Europe
7,Leibniz Rechenzentrum,Hitachi,SR8000-F1/112,Germany,2000,112,1035,1344,120000,15160,Hitachi SR8000,Hitachi SR8000,375,Hitachi SR8xxx,HI-UX/MPP,MPP,Academic,Not Specified,Crossbar,Multi-dimensional crossbar,Western Europe,Europe
23,Deutscher Wetterdienst,Cray Inc.,T3E1200,Germany,1999,812,671,974.4,0,0,Alpha,Alpha EV56,598.8,Cray T3E/T3D,UNICOS,MPP,Research,Weather and Climate Research,Cray Interconnect,3-D Torus,Western Europe,Europe
40,Forschungszentrum Juelich (FZJ),Cray Inc.,T3E1200,Germany,1999,540,447,648,181440,17280,Alpha,Alpha EV56,598.8,Cray T3E/T3D,UNICOS,MPP,Research,Not Specified,Cray Interconnect,3-D Torus,Western Europe,Europe
50,Max-Planck-Gesellschaft MPI/IPP,Cray Inc.,T3E,Germany,1997,812,355,487.2,0,0,Alpha,Alpha EV5,300.3,Cray T3E/T3D,UNICOS,MPP,Research,Not Specified,Cray Interconnect,3-D Torus,Western Europe,Europe
51,HWW/Universitaet Stuttgart,Cray Inc.,T3E900,Germany,1996,540,341,486,0,0,Alpha,Alpha EV5,450.5,Cray T3E/T3D,UNICOS,MPP,Industry,Information Processing Service,Cray Interconnect,3-D Torus,Western Europe,Europe
74,ZIB/Konrad Zuse-Zentrum fuer Informationstechnik,Cray Inc.,T3E900,Germany,1999,404,253,363.6,0,0,Alpha,Alpha EV5,450.5,Cray T3E/T3D,UNICOS,MPP,Academic,Not Specified,Cray Interconnect,3-D Torus,Western Europe,Europe
75,Chemical Company,IBM,SP PC604e 332 MHz,Germany,2000,716,250,475.4,0,0,Power,PowerPC 604e,332.2,IBM SP,AIX,MPP,Industry,Chemistry,SP Switch,SP Switch,Western Europe,Europe
83,Forschungszentrum Juelich (FZJ),Cray Inc.,T3E,Germany,1996,540,234,324,86400,14400,Alpha,Alpha EV5,300.3,Cray T3E/T3D,UNICOS,MPP,Research,Not Specified,Cray Interconnect,3-D Torus,Western Europe,Europe
91,Chemical Company,IBM,SP Power3 375 MHz,Germany,2000,210,212,315,0,0,Power,POWER3,375,IBM SP,AIX,MPP,Industry,Chemistry,SP Switch,SP Switch,Western Europe,Europe
102,Deutsche Telekom AG,IBM,SP Power3 375 MHz,Germany,2000,168,171,252,0,0,Power,POWER3,375,IBM SP,AIX,MPP,Industry,Telecomm,SP Switch,SP Switch,Western Europe,Europe
105,PIK,IBM,SP Power3 375 MHz,Germany,2000,168,171,252,0,0,Power,POWER3,375,IBM SP,AIX,MPP,Research,Not Specified,SP Switch,SP Switch,Western Europe,Europe
108,Metro MGI Informatik,IBM,SP S80s 450 MHz,Germany,2000,510,167.8,459,113000,31000,Power,Power RS64 III,450,IBM S80s,AIX,MPP,Industry,Not Specified,N/A,N/A,Western Europe,Europe
110,Gesellschaft fuer wissenschaftliche Datenverarbeitung,IBM,SP Power3 375 MHz,Germany,2000,160,164,240,0,0,Power,POWER3,375,IBM SP,AIX,MPP,Academic,Not Specified,SP Switch,SP Switch,Western Europe,Europe
121,BASF,IBM,SP PC604e 332 MHz,Germany,2000,364,151,241.6,0,0,Power,PowerPC 604e,332.2,IBM SP,AIX,MPP,Industry,Chemistry,SP Switch,SP Switch,Western Europe,Europe
126,Technische Universitaet Chemnitz,Self-made,CLIC PIII 800 MHz,Germany,2000,530,143.3,424,150000,0,Intel IA-32,Intel IA-32 Pentium 3,800,NOW - Intel Pentium,Linux,Cluster,Academic,Not Specified,Fast Ethernet,Fast Ethernet,Western Europe,Europe
127,Chemical Company,IBM,SP S80s 450 MHz,Germany,2000,294,139,264.6,0,0,Power,Power RS64 III,450,IBM S80s,AIX,MPP,Industry,Chemistry,N/A,N/A,Western Europe,Europe
130,DeTeCSM,IBM,SP PC604e 332 MHz,Germany,2000,452,138,300.1,0,0,Power,PowerPC 604e,332.2,IBM SP,AIX,MPP,Industry,Telecomm,SP Switch,SP Switch,Western Europe,Europe
131,DeTeCSM,IBM,SP PC604e 332 MHz,Germany,2000,452,138,300.1,0,0,Power,PowerPC 604e,332.2,IBM SP,AIX,MPP,Industry,Telecomm,SP Switch,SP Switch,Western Europe,Europe
149,Scientific Supercomputing Center Karlsruhe,IBM,SP Power3 375 MHz,Germany,2000,128,132,192,107000,15400,Power,POWER3,375,IBM SP,AIX,MPP,Academic,Not Specified,SP Switch,SP Switch,Western Europe,Europe
167,HWW/Universitaet Stuttgart,NEC,SX-5/32Me2,Germany,2000,32,121,128,0,0,NEC,NEC,250,NEC Vector,Super-UX,Constellations,Industry,Information Processing Service,Crossbar,Multi-stage crossbar,Western Europe,Europe
170,Bank,Sun Microsystems,HPC 10000 400 MHz Cluster,Germany,2000,192,118.16,153.6,0,0,Sparc,UltraSPARC II,400,Sun UltraHPC,Solaris,Constellations,Industry,Finance,N/A,N/A,Western Europe,Europe
185,HWW/Universitaet Stuttgart & DLR,Hitachi,SR8000/16,Germany,2000,16,115,128,42928,3584,Hitachi SR8000,Hitachi SR8000,250,Hitachi SR8xxx,HI-UX/MPP,MPP,Industry,Not Specified,Crossbar,Multi-dimensional crossbar,Western Europe,Europe
192,ThyssenKrupp Information Systems,IBM,SP PC604e 332 MHz,Germany,2000,260,109,172.6,0,0,Power,PowerPC 604e,332.2,IBM SP,AIX,MPP,Industry,Mechanics,SP Switch,SP Switch,Western Europe,Europe
193,BASF,IBM,SP PC604e 332 MHz,Germany,1998,256,108.1,169.98,81460,14180,Power,PowerPC 604e,332.2,IBM SP,AIX,MPP,Industry,Chemistry,SP Switch,SP Switch,Western Europe,Europe
196,Leibniz Rechenzentrum,Fujitsu,VPP700/52,Germany,1998,52,106,114.4,0,0,Fujitsu,Fujitsu,137.5,Fujitsu VPP,UXP/V,MPP,Academic,Not Specified,Crossbar,Full distributed crossbar,Western Europe,Europe
197,Mannesmann Mobilfunk,Sun Microsystems,HPC 10000 400 MHz Cluster,Germany,2000,168,105.32,134.4,0,0,Sparc,UltraSPARC II,400,Sun UltraHPC,Solaris,Constellations,Industry,Telecomm,N/A,N/A,Western Europe,Europe
200,Deutsche Telekom AG,IBM,SP PC604e 332 MHz,Germany,1999,242,102,160.68,0,0,Power,PowerPC 604e,332.2,IBM SP,AIX,MPP,Industry,Telecomm,SP Switch,SP Switch,Western Europe,Europe
207,DaimlerChrysler,IBM,SP Power3 375 MHz,Germany,2000,96,100,144,0,0,Power,POWER3,375,IBM SP,AIX,MPP,Industry,Automotive,SP Switch,SP Switch,Western Europe,Europe
210,Universitaet Wuppertal,Hewlett-Packard,ALiCE EV67 616 MHz,Germany,2000,128,99.2,157.7,57024,15488,Alpha,Alpha EV67,617.3,NOW - Alpha,SUSE Linux,Cluster,Academic,Not Specified,Myrinet,Myrinet,Western Europe,Europe
215,Universitaet Tuebingen,Self-made,Kepler PIII 650 MHz,Germany,2000,196,96.2,127.4,109760,12320,Intel IA-32,Intel IA-32 Pentium 3,650.2,NOW - Intel Pentium,Linux,Cluster,Academic,Not Specified,Fast Ethernet,Fast Ethernet,Western Europe,Europe
216,ThyssenKrupp Information Systems,IBM,SP PC604e 332 MHz,Germany,2000,226,95.4,150.06,0,0,Power,PowerPC 604e,332.2,IBM SP,AIX,MPP,Industry,Mechanics,SP Switch,SP Switch,Western Europe,Europe
238,BMW AG,IBM,SP PC604e 332 MHz,Germany,2000,206,87,136.78,0,0,Power,PowerPC 604e,332.2,IBM SP,AIX,MPP,Industry,Automotive,SP Switch,SP Switch,Western Europe,Europe
291,Deutsche Telekom AG,Sun Microsystems,HPC 10000 400 MHz Cluster,Germany,2000,128,80.1,102.4,57120,10752,Sparc,UltraSPARC II,400,Sun UltraHPC,Solaris,Constellations,Industry,Telecomm,N/A,N/A,Western Europe,Europe
318,ThyssenKrupp Information Systems,IBM,SP Power3 375 MHz,Germany,2000,76,79.9,114,0,0,Power,POWER3,375,IBM SP,AIX,MPP,Industry,Mechanics,SP Switch,SP Switch,Western Europe,Europe
319,Deutsche Bank,IBM,SP PC604e 332 MHz,Germany,1999,188,79.5,124.83,0,0,Power,PowerPC 604e,332.2,IBM SP,AIX,MPP,Industry,Finance,SP Switch,SP Switch,Western Europe,Europe
321,COMDIRECT Bank AG,IBM,SP Power3 375 MHz,Germany,2000,74,77.9,111,0,0,Power,POWER3,375,IBM SP,AIX,MPP,Industry,Finance,SP Switch,SP Switch,Western Europe,Europe
323,RWE,IBM,SP PC604e 332 MHz,Germany,2000,184,77.8,122.17,0,0,Power,PowerPC 604e,332.2,IBM SP,AIX,MPP,Industry,Not Specified,SP Switch,SP Switch,Western Europe,Europe
325,HWW/Universitaet Stuttgart,NEC,SX-4/40H2,Germany,1999,40,77.2,80,0,0,NEC,NEC,250,NEC Vector,EWS-UX/V,Constellations,Industry,Information Processing Service,Crossbar,Multi-stage crossbar,Western Europe,Europe
328,Deutsche Telekom AG,IBM,SP Power3 200 MHz,Germany,1999,128,76.77,102.4,89000,11500,Power,POWER3,200,IBM SP,AIX,MPP,Industry,Telecomm,SP Switch,SP Switch,Western Europe,Europe
336,T-Online,Sun Microsystems,HPC 10000 400 MHz Cluster,Germany,2000,120,75.8,96,0,0,Sparc,UltraSPARC II,400,Sun UltraHPC,Solaris,Constellations,Industry,Telecomm,N/A,N/A,Western Europe,Europe
340,debis Systemhaus,Sun Microsystems,HPC 10000 400 MHz Cluster,Germany,1999,120,74.89,96,0,0,Sparc,UltraSPARC II,400,Sun UltraHPC,Solaris,Constellations,Industry,Automotive,N/A,N/A,Western Europe,Europe
345,ThyssenKrupp Information Systems,IBM,SP PC604e 332 MHz,Germany,2000,236,73.1,156.7,0,0,Power,PowerPC 604e,332.2,IBM SP,AIX,MPP,Industry,Database,SP Switch,SP Switch,Western Europe,Europe
347,Deutsche Bank,IBM,SP PC604e 332 MHz,Germany,2000,170,71.9,112.88,0,0,Power,PowerPC 604e,332.2,IBM SP,AIX,MPP,Industry,Finance,SP Switch,SP Switch,Western Europe,Europe
353,European Patent Office,IBM,SP Power3 222 MHz,Germany,2000,112,71,99.4,0,0,Power,POWER3,222.2,IBM SP,AIX,MPP,Government,Not Specified,SP Switch,SP Switch,Western Europe,Europe
361,DeTeCSM,IBM,SP PC604e 332 MHz,Germany,1999,164,69.4,108.89,0,0,Power,PowerPC 604e,332.2,IBM SP,AIX,MPP,Industry,Information Processing Service,SP Switch,SP Switch,Western Europe,Europe
365,BASF,IBM,SP PC604e 332 MHz,Germany,1999,162,68.5,107.56,0,0,Power,PowerPC 604e,332.2,IBM SP,AIX,MPP,Industry,Chemistry,SP Switch,SP Switch,Western Europe,Europe
366,Dregis (Dresdner global IT services),IBM,SP PC604e 332 MHz,Germany,2000,162,68.5,107.56,0,0,Power,PowerPC 604e,332.2,IBM SP,AIX,MPP,Industry,Finance,SP Switch,SP Switch,Western Europe,Europe
401,VW (Volkswagen AG),Hewlett-Packard,N4000 440 MHz/HyperPlex,Germany,2000,96,63.8,168.96,0,0,PA-RISC,PA-RISC PA-8500,440.5,HP Superdome,HP Unix (HP-UX),Constellations,Industry,Automotive,Myrinet,HyperPlex,Western Europe,Europe
410,Deutsche Telekom AG,IBM,SP Power3 200 MHz,Germany,1999,104,62.9,83.2,0,0,Power,POWER3,200,IBM SP,AIX,MPP,Industry,Telecomm,SP Switch,SP Switch,Western Europe,Europe
439,Merck,IBM,SP PC604e 332 MHz,Germany,1999,144,60.9,95.61,0,0,Power,PowerPC 604e,332.2,IBM SP,AIX,MPP,Industry,Pharmaceutics,SP Switch,SP Switch,Western Europe,Europe
442,German Aerospace Laboratory (DLR),NEC,SX-5/16Be,Germany,2000,16,60.7,64,0,0,NEC,NEC,250,NEC Vector,Super-UX,SMP,Research,Aerospace,Crossbar,Multi-stage crossbar,Western Europe,Europe
461,Deutsche Telekom AG,Sun Microsystems,HPC 10000 400 MHz Cluster,Germany,2000,96,59.04,76.8,0,0,Sparc,UltraSPARC II,400,Sun UltraHPC,Solaris,Constellations,Industry,Telecomm,N/A,N/A,Western Europe,Europe
477,AWI (Alfred Wegener Institut),Cray Inc.,T3E,Germany,1998,134,58.2,80.4,0,0,Alpha,Alpha EV5,300.3,Cray T3E/T3D,UNICOS,MPP,Research,Not Specified,Cray Interconnect,3-D Torus,Western Europe,Europe
494,VW (Volkswagen AG),NEC,SX-5S/16H4,Germany,2000,16,56,64,0,0,NEC,NEC,250,NEC Vector,Super-UX,SMP,Industry,Automotive,Crossbar,Multi-stage crossbar,Western Europe,Europe
496,BASF,IBM,SP S80s 450 MHz,Germany,2000,108,55.8,97.2,0,0,Power,Power RS64 III,450,IBM S80s,AIX,MPP,Industry,Chemistry,N/A,N/A,Western Europe,Europe
43,Financial Institution,IBM,SP Power3 375 MHz,Hong Kong,2000,424,441,636,0,0,Power,POWER3,375,IBM SP,AIX,MPP,Industry,Finance,SP Switch,SP Switch,Eastern Asia,Asia
464,NIIFD,Sun Microsystems,HPC 10000 400 MHz Cluster,Hungary,2000,96,59.04,76.8,0,0,Sparc,UltraSPARC II,400,Sun UltraHPC,Solaris,Constellations,Academic,Not Specified,N/A,N/A,Eastern Europe,Europe
349,IUCC/HPCU,SGI,ORIGIN 2000 400 MHz,Israel,2000,112,71.7,89.6,0,0,MIPS,MIPS R12000,400,SGI Origin,Linux,MPP,Academic,Not Specified,Crossbar,Hypercube,Western Asia,Asia
88,CINECA,Cray Inc.,T3E1200,Italy,1999,268,221.77,321.6,0,0,Alpha,Alpha EV56,598.8,Cray T3E/T3D,UNICOS,MPP,Academic,Not Specified,Cray Interconnect,3-D Torus,Southern Europe,Europe
171,Bank,Sun Microsystems,HPC 10000 400 MHz Cluster,Italy,2000,192,118.16,153.6,0,0,Sparc,UltraSPARC II,400,Sun UltraHPC,Solaris,Constellations,Industry,Finance,N/A,N/A,Southern Europe,Europe
298,Internet Service Provider,Sun Microsystems,HPC 10000 400 MHz Cluster,Italy,2000,128,80.1,102.4,57120,10752,Sparc,UltraSPARC II,400,Sun UltraHPC,Solaris,Constellations,Industry,WWW,N/A,N/A,Southern Europe,Europe
309,Telecommunication Company,Sun Microsystems,HPC 10000 400 MHz Cluster,Italy,2000,128,80.1,102.4,57120,10752,Sparc,UltraSPARC II,400,Sun UltraHPC,Solaris,Constellations,Industry,Telecomm,N/A,N/A,Southern Europe,Europe
337,Telecommunication Company,Sun Microsystems,HPC 10000 400 MHz Cluster,Italy,2000,120,75.8,96,0,0,Sparc,UltraSPARC II,400,Sun UltraHPC,Solaris,Constellations,Industry,Telecomm,N/A,N/A,Southern Europe,Europe
338,Telecommunication Company,Sun Microsystems,HPC 10000 400 MHz Cluster,Italy,2000,120,75.8,96,0,0,Sparc,UltraSPARC II,400,Sun UltraHPC,Solaris,Constellations,Industry,Telecomm,N/A,N/A,Southern Europe,Europe
369,CINECA,IBM,SP Power3 375 MHz,Italy,2000,64,67.78,96,76000,10400,Power,POWER3,375,IBM SP,AIX,MPP,Academic,Not Specified,SP Switch,SP Switch,Southern Europe,Europe
384,SOGEI,IBM,SP PC604e 332 MHz,Italy,1998,160,67.7,106.24,0,0,Power,PowerPC 604e,332.2,IBM SP,AIX,MPP,Government,Not Specified,SP Switch,SP Switch,Southern Europe,Europe
385,Telecom Italia,IBM,SP PC604e 332 MHz,Italy,1998,160,67.7,106.24,0,0,Power,PowerPC 604e,332.2,IBM SP,AIX,MPP,Industry,Telecomm,SP Switch,SP Switch,Southern Europe,Europe
9,High Energy Accelerator Research Organization /KEK,Hitachi,SR8000-F1/100,Japan,2000,100,917,1200,115000,15000,Hitachi SR8000,Hitachi SR8000,375,Hitachi SR8xxx,HI-UX/MPP,MPP,Research,Not Specified,Crossbar,Multi-dimensional crossbar,Eastern Asia,Asia
13,University of Tokyo,Hitachi,SR8000/128,Japan,1999,128,873,1024,120000,16000,Hitachi SR8000,Hitachi SR8000,250,Hitachi SR8xxx,HI-UX/MPP,MPP,Academic,Not Specified,Crossbar,Multi-dimensional crossbar,Eastern Asia,Asia
18,Japan Meteorological Agency,Hitachi,SR8000-E1/80,Japan,2000,80,691.3,768,120000,9408,Hitachi SR8000,Hitachi SR8000,300,Hitachi SR8xxx,HI-UX/MPP,MPP,Research,Weather and Climate Research,Crossbar,Multi-dimensional crossbar,Eastern Asia,Asia
24,University of Tokyo/Institute for Solid State Physics,Hitachi,SR8000-F1/60,Japan,2000,60,577,720,89000,10000,Hitachi SR8000,Hitachi SR8000,375,Hitachi SR8xxx,HI-UX/MPP,MPP,Academic,Not Specified,Crossbar,Multi-dimensional crossbar,Eastern Asia,Asia
33,Nagoya University,Fujitsu,VPP5000/56,Japan,1999,56,492,537.6,228480,12768,Fujitsu,Fujitsu,300,Fujitsu VPP,UXP/V,MPP,Academic,Not Specified,Crossbar,Full distributed crossbar,Eastern Asia,Asia
35,Kyoto University,Fujitsu,VPP800/63,Japan,1999,63,482,504,234360,12852,Fujitsu,Fujitsu,250,Fujitsu VPP,UXP/V,MPP,Academic,Not Specified,Crossbar,Full distributed crossbar,Eastern Asia,Asia
37,Tsukuba Advanced Computing Center - TACC/AIST,Hitachi,SR8000/64,Japan,1999,64,449,512,92000,9160,Hitachi SR8000,Hitachi SR8000,250,Hitachi SR8xxx,HI-UX/MPP,MPP,Research,Not Specified,Crossbar,Multi-dimensional crossbar,Eastern Asia,Asia
49,"Center for Computational Science, University of Tsukuba",Hitachi,CP-PACS/2048,Japan,1996,2048,368.2,614.4,103680,30720,PA-RISC,PA-RISC HARP-1E,150,Hitachi SR2xxx,HI-UX/MPP,MPP,Academic,Not Specified,Crossbar,Hyper crossbar,Eastern Asia,Asia
59,Institute of Physical and Chemical Res. (RIKEN),Fujitsu,VPP700/160E,Japan,1999,160,319,384,168000,24000,Fujitsu,Fujitsu,150,Fujitsu VPP,UXP/V,MPP,Research,Not Specified,Crossbar,Full distributed crossbar,Eastern Asia,Asia
63,Central Research Institute of Electric Power Industry/CRIEPI,Fujitsu,VPP5000/32,Japan,2000,32,296.1,307.2,170880,7680,Fujitsu,Fujitsu,300,Fujitsu VPP,UXP/V,MPP,Research,Not Specified,Crossbar,Full distributed crossbar,Eastern Asia,Asia
68,Institute for Molecular Science,Fujitsu,VPP5000/30,Japan,2000,30,277,288,0,0,Fujitsu,Fujitsu,300,Fujitsu VPP,UXP/V,MPP,Research,Not Specified,Crossbar,Full distributed crossbar,Eastern Asia,Asia
73,Meteorological Research Institute/JMA,Hitachi,SR8000/36,Japan,1999,36,255,288,69000,5968,Hitachi SR8000,Hitachi SR8000,250,Hitachi SR8xxx,HI-UX/MPP,MPP,Research,Weather and Climate Research,Crossbar,Multi-dimensional crossbar,Eastern Asia,Asia
76,Tohoku University,NEC,SX-4/128H4,Japan,1997,128,244,256,0,0,NEC,NEC,250,NEC Vector,EWS-UX/V,Constellations,Academic,Not Specified,Crossbar,Multi-stage crossbar,Eastern Asia,Asia
79,National Research Institute for Metals,NEC,SX-5/32H2,Japan,2000,32,243,256,0,0,NEC,NEC,250,NEC Vector,Super-UX,Constellations,Research,Not Specified,Crossbar,Multi-stage crossbar,Eastern Asia,Asia
85,University of Tokyo,Hitachi,SR2201/1024,Japan,1996,1024,232.4,307.2,155520,34560,PA-RISC,PA-RISC HARP-1E,150,Hitachi SR2xxx,HI-UX/MPP,MPP,Academic,Not Specified,Crossbar,Hyper crossbar,Eastern Asia,Asia
86,National Aerospace Laboratory of Japan,Fujitsu,Numerical Wind Tunnel,Japan,1996,167,229,281.26,66132,18018,Fujitsu,Fujitsu,105.3,Fujitsu VPP,UXP/V,MPP,Research,Aerospace,Crossbar,Full distributed crossbar,Eastern Asia,Asia
87,Hokkaido University,Hitachi,SR8000/32,Japan,2000,32,229,256,65000,5632,Hitachi SR8000,Hitachi SR8000,250,Hitachi SR8xxx,HI-UX/MPP,MPP,Academic,Not Specified,Crossbar,Multi-dimensional crossbar,Eastern Asia,Asia
98,"Tohoku University, Institute of Fluid Science",SGI,ORIGIN 2000 300 MHz,Japan,2000,512,195.6,307.2,110592,23040,MIPS,MIPS R12000,300.3,SGI Origin,Linux,MPP,Academic,Not Specified,Crossbar,Hypercube,Eastern Asia,Asia
122,Tsukuba Advanced Computing Center - TACC/AIST,IBM,SP Power3 200 MHz,Japan,1999,256,149.3,204.8,100000,18500,Power,POWER3,200,IBM SP,AIX,MPP,Research,Not Specified,SP Switch,SP Switch,Eastern Asia,Asia
124,Manufacturing Company,IBM,SP Power3 375 MHz,Japan,2000,142,146,213,0,0,Power,POWER3,375,IBM SP,AIX,MPP,Industry,Not Specified,SP Switch,SP Switch,Eastern Asia,Asia
125,Institute of Statistical Mathematics,Hitachi,SR8000/20,Japan,1999,20,144,160,48000,4000,Hitachi SR8000,Hitachi SR8000,250,Hitachi SR8xxx,HI-UX/MPP,MPP,Research,Not Specified,Crossbar,Multi-dimensional crossbar,Eastern Asia,Asia
157,Frontier Research System for Global Change,NEC,SX-5/16A,Japan,1999,16,123,128,99840,1340,NEC,NEC,250,NEC Vector,Super-UX,SMP,Research,Not Specified,Crossbar,Multi-stage crossbar,Eastern Asia,Asia
158,"GSIC Center, Tokyo Institute of Technology",NEC,SX-5/16A,Japan,1999,16,123,128,99840,1340,NEC,NEC,250,NEC Vector,Super-UX,SMP,Academic,Not Specified,Crossbar,Multi-stage crossbar,Eastern Asia,Asia
159,NEC Fuchu Plant,NEC,SX-5/16A,Japan,1999,16,123,128,99840,1340,NEC,NEC,250,NEC Vector,Super-UX,SMP,Vendor,Benchmarking,Crossbar,Multi-stage crossbar,Eastern Asia,Asia
161,"Tohoku University, Institute of Fluid Science",NEC,SX-5/16A,Japan,1999,16,123,128,99840,1340,NEC,NEC,250,NEC Vector,Super-UX,SMP,Academic,Not Specified,Crossbar,Multi-stage crossbar,Eastern Asia,Asia
164,National Institute for Fusion Science,NEC,SX-4/64M2,Japan,1997,64,122,128,30080,4352,NEC,NEC,250,NEC Vector,EWS-UX/V,Constellations,Research,Not Specified,Crossbar,Multi-stage crossbar,Eastern Asia,Asia
165,Osaka University,NEC,SX-4/64M2,Japan,1997,64,122,128,30080,4352,NEC,NEC,250,NEC Vector,EWS-UX/V,Constellations,Academic,Not Specified,Crossbar,Multi-stage crossbar,Eastern Asia,Asia
176,Rakuten,Sun Microsystems,HPC 10000 400 MHz Cluster,Japan,2000,192,118.16,153.6,0,0,Sparc,UltraSPARC II,400,Sun UltraHPC,Solaris,Constellations,Industry,WWW,N/A,N/A,Eastern Asia,Asia
177,Telecommunication Company,Sun Microsystems,HPC 10000 400 MHz Cluster,Japan,2000,192,118.16,153.6,0,0,Sparc,UltraSPARC II,400,Sun UltraHPC,Solaris,Constellations,Industry,Telecomm,N/A,N/A,Eastern Asia,Asia
189,Kyushu University,Fujitsu,VPP700/56,Japan,1996,56,110,123.2,109200,10752,Fujitsu,Fujitsu,137.5,Fujitsu VPP,UXP/V,MPP,Academic,Not Specified,Crossbar,Full distributed crossbar,Eastern Asia,Asia
194,Japan Adv. Inst. of Science and Technology (JAIST),IBM,SP PC604e 332 MHz,Japan,1999,256,108.1,169.98,81460,14180,Power,PowerPC 604e,332.2,IBM SP,AIX,MPP,Academic,Not Specified,SP Switch,SP Switch,Eastern Asia,Asia
202,"GSIC Center, Tokyo Institute of Technology",SGI,ORIGIN 2000 300 MHz,Japan,2000,256,101.4,153.6,86400,13248,MIPS,MIPS R12000,300.3,SGI Origin,Linux,MPP,Academic,Not Specified,Crossbar,Hypercube,Eastern Asia,Asia
203,Institute for Molecular Science/ Okazaki Nat. Res. Institute,SGI,ORIGIN 2000 300 MHz,Japan,2000,256,101.4,153.6,86400,13248,MIPS,MIPS R12000,300.3,SGI Origin,Linux,MPP,Research,Not Specified,Crossbar,Hypercube,Eastern Asia,Asia
224,Finance Company,IBM,SP Power3 375 MHz,Japan,2000,88,92.1,132,0,0,Power,POWER3,375,IBM SP,AIX,MPP,Industry,Finance,SP Switch,SP Switch,Eastern Asia,Asia
266,Financial Company,IBM,SP Power3 375 MHz,Japan,2000,80,84,120,0,0,Power,POWER3,375,IBM SP,AIX,MPP,Industry,Finance,SP Switch,SP Switch,Eastern Asia,Asia
268,Manufacturing Company,IBM,SP Power3 375 MHz,Japan,2000,80,84,120,0,0,Power,POWER3,375,IBM SP,AIX,MPP,Industry,Manufacturing,SP Switch,SP Switch,Eastern Asia,Asia
293,E-commerce,Sun Microsystems,HPC 10000 400 MHz Cluster,Japan,2000,128,80.1,102.4,57120,10752,Sparc,UltraSPARC II,400,Sun UltraHPC,Solaris,Constellations,Industry,WWW,N/A,N/A,Eastern Asia,Asia
296,Internet,Sun Microsystems,HPC 10000 400 MHz Cluster,Japan,2000,128,80.1,102.4,57120,10752,Sparc,UltraSPARC II,400,Sun UltraHPC,Solaris,Constellations,Industry,WWW,N/A,N/A,Eastern Asia,Asia
297,Internet,Sun Microsystems,HPC 10000 400 MHz Cluster,Japan,2000,128,80.1,102.4,57120,10752,Sparc,UltraSPARC II,400,Sun UltraHPC,Solaris,Constellations,Industry,WWW,N/A,N/A,Eastern Asia,Asia
299,Jside.Com,Sun Microsystems,HPC 10000 400 MHz Cluster,Japan,2000,128,80.1,102.4,57120,10752,Sparc,UltraSPARC II,400,Sun UltraHPC,Solaris,Constellations,Industry,Not Specified,N/A,N/A,Eastern Asia,Asia
341,NRI for Earth Science and Disaster (NIED),Cray Inc.,T3E,Japan,1997,172,74.5,103.2,0,0,Alpha,Alpha EV5,300.3,Cray T3E/T3D,UNICOS,MPP,Research,Not Specified,Cray Interconnect,3-D Torus,Eastern Asia,Asia
362,National Institute for Environmental Studies,NEC,SX-4/36H2,Japan,1997,36,69.4,72,0,0,NEC,NEC,250,NEC Vector,EWS-UX/V,Constellations,Research,Environment,Crossbar,Multi-stage crossbar,Eastern Asia,Asia
375,Manufacturing Company,IBM,SP Power3 375 MHz,Japan,2000,64,67.78,96,76000,10400,Power,POWER3,375,IBM SP,AIX,MPP,Industry,Manufacturing,SP Switch,SP Switch,Eastern Asia,Asia
376,Manufacturing Company,IBM,SP Power3 375 MHz,Japan,2000,64,67.78,96,76000,10400,Power,POWER3,375,IBM SP,AIX,MPP,Industry,Manufacturing,SP Switch,SP Switch,Eastern Asia,Asia
387,Telecommunication Company,Sun Microsystems,HPC 10000 333 MHz Cluster,Japan,2000,128,66.93,85.24,57120,10080,Sparc,UltraSPARC II,333.3,Sun UltraHPC,Solaris,Constellations,Industry,Telecomm,N/A,N/A,Eastern Asia,Asia
397,Real World Computing (RWCP)/Tsukuba Research Center,Self-made,SCore II/PIII 800 MHz,Japan,2000,132,64.7,105.6,58000,8000,Intel IA-32,Intel IA-32 Pentium 3,800,NOW - Intel Pentium,Linux,Cluster,Research,Not Specified,Fast Ethernet,Fast Ethernet,Eastern Asia,Asia
406,Osaka University - Research Center for Nuclear Physics,IBM,SP Power3 375 MHz,Japan,2000,60,63.6,90,0,0,Power,POWER3,375,IBM SP,AIX,MPP,Academic,Not Specified,SP Switch,SP Switch,Eastern Asia,Asia
408,Soccer Lottery,IBM,SP Power3 375 MHz,Japan,2000,60,63.6,90,0,0,Power,POWER3,375,IBM SP,AIX,MPP,Government,Not Specified,SP Switch,SP Switch,Eastern Asia,Asia
424,"Tohoku University, Institute of Fluid Science",SGI,ORIGIN 2000 300 MHz,Japan,1999,128,62.25,76.8,60032,9000,MIPS,MIPS R12000,300.3,SGI Origin,Linux,MPP,Academic,Not Specified,Crossbar,Hypercube,Eastern Asia,Asia
427,University of Tokyo/Institute for Solid State Physics,SGI,ORIGIN 2000 300 MHz,Japan,1999,128,62.25,76.8,60032,9000,MIPS,MIPS R12000,300.3,SGI Origin,Linux,MPP,Academic,Not Specified,Crossbar,Hypercube,Eastern Asia,Asia
428,University of Tokyo/Institute for Solid State Physics,SGI,ORIGIN 2000 300 MHz,Japan,1999,128,62.25,76.8,60032,9000,MIPS,MIPS R12000,300.3,SGI Origin,Linux,MPP,Academic,Not Specified,Crossbar,Hypercube,Eastern Asia,Asia
429,University of Tokyo/Institute for Solid State Physics,SGI,ORIGIN 2000 300 MHz,Japan,1999,128,62.25,76.8,60032,9000,MIPS,MIPS R12000,300.3,SGI Origin,Linux,MPP,Academic,Not Specified,Crossbar,Hypercube,Eastern Asia,Asia
433,NEC Fuchu Plant,NEC,SX-4/32,Japan,1995,32,61.7,64,20480,1688,NEC,NEC,250,NEC Vector,EWS-UX/V,SMP,Vendor,Benchmarking,Crossbar,Multi-stage crossbar,Eastern Asia,Asia
435,Institute of Physical and Chemical Res. (RIKEN),Hewlett-Packard,Alphleet Cluster,Japan,1999,140,61.3,140,56000,22000,Alpha,Alpha EV6,500,NOW - Alpha,N/A,Cluster,Research,Not Specified,Myrinet,Myrinet,Eastern Asia,Asia
444,Internet,Sun Microsystems,HPC 10000 400 MHz Cluster,Japan,2000,96,59.7,76.8,0,0,Sparc,UltraSPARC II,400,Sun UltraHPC,Solaris,Constellations,Industry,WWW,N/A,N/A,Eastern Asia,Asia
445,Japan Atomic Energy Research Institute,Fujitsu,VPP500/42,Japan,1994,42,59.6,67.2,0,0,Fujitsu,Fujitsu,100,Fujitsu VPP,UXP/V,MPP,Research,Not Specified,Crossbar,Full distributed crossbar,Eastern Asia,Asia
453,Manufacturing Company,IBM,SP Power3 375 MHz,Japan,2000,56,59.4,84,0,0,Power,POWER3,375,IBM SP,AIX,MPP,Industry,Finance,SP Switch,SP Switch,Eastern Asia,Asia
469,Hitachi Mechanical Engineering Res. Lab.,Hitachi,SR2201/256,Japan,1998,256,58.68,76.8,77760,13440,PA-RISC,PA-RISC HARP-1E,150,Hitachi SR2xxx,HI-UX/MPP,MPP,Industry,Mechanics,Crossbar,Hyper crossbar,Eastern Asia,Asia
470,Real World Computing (RWCP),Hitachi,SR2201/256,Japan,1997,256,58.68,76.8,77760,13440,PA-RISC,PA-RISC HARP-1E,150,Hitachi SR2xxx,HI-UX/MPP,MPP,Research,Not Specified,Crossbar,Hyper crossbar,Eastern Asia,Asia
472,"University of Tokyo/Human Genome Center, IMS",Hitachi,SR2201/256,Japan,1998,256,58.68,76.8,77760,13440,PA-RISC,PA-RISC HARP-1E,150,Hitachi SR2xxx,HI-UX/MPP,MPP,Academic,Not Specified,Crossbar,Hyper crossbar,Eastern Asia,Asia
478,Japan Adv. Inst. of Science and Technology (JAIST),Cray Inc.,T3E,Japan,1997,134,58.2,80.4,0,0,Alpha,Alpha EV5,300.3,Cray T3E/T3D,UNICOS,MPP,Academic,Not Specified,Cray Interconnect,3-D Torus,Eastern Asia,Asia
482,Communications Company,IBM,SP PC604e 332 MHz,Japan,2000,136,57.6,90.3,0,0,Power,PowerPC 604e,332.2,IBM SP,AIX,MPP,Industry,Not Specified,SP Switch,SP Switch,Eastern Asia,Asia
488,National Institute of Genetics,Fujitsu,VPP500/40,Japan,1995,40,56.9,64,0,0,Fujitsu,Fujitsu,100,Fujitsu VPP,UXP/V,MPP,Research,Not Specified,Crossbar,Full distributed crossbar,Eastern Asia,Asia
100,Korea Meteorological Administration,NEC,SX-5/24M2,"Korea, South",2000,24,181,192,0,0,NEC,NEC,250,NEC Vector,Super-UX,Constellations,Research,Weather and Climate Research,Crossbar,Multi-stage crossbar,Eastern Asia,Asia
116,Seoul National University,IBM,SP Power3 375 MHz 16 way,"Korea, South",2000,144,156,216,0,0,Power,POWER3,375,IBM SP,AIX,MPP,Academic,Not Specified,SP Switch,SP Switch,Eastern Asia,Asia
273,KISTI Supercomputing Center,Cray Inc.,T3E900,"Korea, South",1997,132,82.1,118.8,0,0,Alpha,Alpha EV5,450.5,Cray T3E/T3D,UNICOS,MPP,Research,Information Processing Service,Cray Interconnect,3-D Torus,Eastern Asia,Asia
364,KT Freetel,Sun Microsystems,HPC 10000 400 MHz Cluster,"Korea, South",1999,110,68.77,88,0,0,Sparc,UltraSPARC II,400,Sun UltraHPC,Solaris,Constellations,Industry,Telecomm,N/A,N/A,Eastern Asia,Asia
135,Clearstream Services,Sun Microsystems,HPC 10000 400 MHz Cluster,Luxembourg,2000,256,137.1,204.8,0,0,Sparc,UltraSPARC II,400,Sun UltraHPC,Solaris,Constellations,Industry,Finance,N/A,N/A,Western Europe,Europe
288,Clearstream Services,Sun Microsystems,HPC 10000 400 MHz Cluster,Luxembourg,2000,128,80.1,102.4,57120,10752,Sparc,UltraSPARC II,400,Sun UltraHPC,Solaris,Constellations,Industry,Finance,N/A,N/A,Western Europe,Europe
179,Telcel Radiomovil Dipsa,Sun Microsystems,HPC 10000 400 MHz Cluster,Mexico,2000,192,118.1,153.6,0,0,Sparc,UltraSPARC II,400,Sun UltraHPC,Solaris,Constellations,Industry,Telecomm,N/A,N/A,Central America,Americas
154,Philips Lighting,IBM,SP PC604e 332 MHz,Netherlands,2000,298,124,197.8,0,0,Power,PowerPC 604e,332.2,IBM SP,AIX,MPP,Industry,Electronics,SP Switch,SP Switch,Western Europe,Europe
211,SARA (Stichting Academisch Rekencentrum),SGI,ORIGIN 2000 250/300 MHz - Eth-Cluster,Netherlands,2000,256,98.8,140,81920,0,MIPS,MIPS,250,SGI Origin,IRIX,Constellations,Academic,Not Specified,Ethernet,Ethernet,Western Europe,Europe
242,SARA (Stichting Academisch Rekencentrum),SGI,ORIGIN 3000 400 MHz,Netherlands,2000,128,85.44,102.4,65536,0,MIPS,MIPS R12000,400,SGI Origin,Linux,MPP,Academic,Not Specified,Crossbar,Hypercube,Western Europe,Europe
243,SARA (Stichting Academisch Rekencentrum),SGI,ORIGIN 3000 400 MHz,Netherlands,2000,128,85.44,102.4,65536,0,MIPS,MIPS R12000,400,SGI Origin,Linux,MPP,Academic,Not Specified,Crossbar,Hypercube,Western Europe,Europe
244,SARA (Stichting Academisch Rekencentrum),SGI,ORIGIN 3000 400 MHz,Netherlands,2000,128,85.44,102.4,65536,0,MIPS,MIPS R12000,400,SGI Origin,Linux,MPP,Academic,Not Specified,Crossbar,Hypercube,Western Europe,Europe
245,SARA (Stichting Academisch Rekencentrum),SGI,ORIGIN 3000 400 MHz,Netherlands,2000,128,85.44,102.4,65536,0,MIPS,MIPS R12000,400,SGI Origin,Linux,MPP,Academic,Not Specified,Crossbar,Hypercube,Western Europe,Europe
246,SARA (Stichting Academisch Rekencentrum),SGI,ORIGIN 3000 400 MHz,Netherlands,2000,128,85.44,102.4,65536,0,MIPS,MIPS R12000,400,SGI Origin,Linux,MPP,Academic,Not Specified,Crossbar,Hypercube,Western Europe,Europe
247,SARA (Stichting Academisch Rekencentrum),SGI,ORIGIN 3000 400 MHz,Netherlands,2000,128,85.44,102.4,65536,0,MIPS,MIPS R12000,400,SGI Origin,Linux,MPP,Academic,Not Specified,Crossbar,Hypercube,Western Europe,Europe
248,SARA (Stichting Academisch Rekencentrum),SGI,ORIGIN 3000 400 MHz,Netherlands,2000,128,85.44,102.4,65536,0,MIPS,MIPS R12000,400,SGI Origin,Linux,MPP,Academic,Not Specified,Crossbar,Hypercube,Western Europe,Europe
249,SARA (Stichting Academisch Rekencentrum),SGI,ORIGIN 3000 400 MHz,Netherlands,2000,128,85.44,102.4,65536,0,MIPS,MIPS R12000,400,SGI Origin,Linux,MPP,Academic,Not Specified,Crossbar,Hypercube,Western Europe,Europe
334,Dutchtone,Sun Microsystems,HPC 10000 400 MHz Cluster,Netherlands,2000,120,75.8,96,0,0,Sparc,UltraSPARC II,400,Sun UltraHPC,Solaris,Constellations,Industry,Telecomm,N/A,N/A,Western Europe,Europe
436,APAC Hong Kong (EHU),IBM,SP PC604e 332 MHz,Netherlands,1999,144,60.9,95.61,0,0,Power,PowerPC 604e,332.2,IBM SP,AIX,MPP,Industry,Not Specified,SP Switch,SP Switch,Western Europe,Europe
446,National Aerospace Laboratory (NLR),NEC,SX-5/8B,Netherlands,1999,8,59.6,64,0,0,NEC,NEC,250,NEC Vector,Super-UX,SMP,Research,Aerospace,Crossbar,Multi-stage crossbar,Western Europe,Europe
479,Technical University Delft (TUD),Cray Inc.,T3E,Netherlands,1997,134,58.2,80.4,0,0,Alpha,Alpha EV5,300.3,Cray T3E/T3D,UNICOS,MPP,Academic,Not Specified,Cray Interconnect,3-D Torus,Western Europe,Europe
191,National Institute for Water and Atmospheric Resea,Cray Inc.,T3E1200,New Zealand,1999,132,109.3,158.4,0,0,Alpha,Alpha EV56,598.8,Cray T3E/T3D,UNICOS,MPP,Research,Weather and Climate Research,Cray Interconnect,3-D Torus,Australia and New Zealand,Oceania
346,Norwegian University of Science and Technology,SGI,ORIGIN 2000 300 MHz - Eth-Cluster,Norway,2000,160,72.57,96,61440,0,MIPS,MIPS R12000,300.3,SGI Origin,IRIX,Constellations,Academic,Not Specified,Ethernet,Ethernet,Northern Europe,Europe
467,Telecommunication Company,Sun Microsystems,HPC 10000 400 MHz Cluster,Poland,2000,96,59.04,76.8,0,0,Sparc,UltraSPARC II,400,Sun UltraHPC,Solaris,Constellations,Industry,Not Specified,N/A,N/A,Eastern Europe,Europe
94,Petroleum Company (G),IBM,SP Power3 375 MHz,Saudia Arabia,2000,206,208,309,0,0,Power,POWER3,375,IBM SP,AIX,MPP,Industry,Geophysics,SP Switch,SP Switch,Western Asia,Asia
118,Petroleum Company (G),IBM,SP Power3 375 MHz,Saudia Arabia,2000,148,152,222,0,0,Power,POWER3,375,IBM SP,AIX,MPP,Industry,Geophysics,SP Switch,SP Switch,Western Asia,Asia
335,Media,Sun Microsystems,HPC 10000 400 MHz Cluster,Spain,2000,120,75.8,96,0,0,Sparc,UltraSPARC II,400,Sun UltraHPC,Solaris,Constellations,Industry,Not Specified,N/A,N/A,Southern Europe,Europe
368,C4 / Centre Europeo del Parallelismo de Barcelona,IBM,SP Power3 375 MHz,Spain,2000,64,67.78,96,76000,10400,Power,POWER3,375,IBM SP,AIX,MPP,Academic,Not Specified,SP Switch,SP Switch,Southern Europe,Europe
44,Defense,Sun Microsystems,HPC 4500 400 MHz Cluster,Sweden,1999,896,420.44,716.8,144000,43200,Sparc,Sparc,200,NOW - Sun,Solaris,Cluster,Classified,Not Specified,N/A,N/A,Northern Europe,Europe
182,National Supercomputer Centre (NSC),Cray Inc.,T3E,Sweden,1997,268,117,160.8,0,0,Alpha,Alpha EV5,300.3,Cray T3E/T3D,UNICOS,MPP,Academic,Not Specified,Cray Interconnect,3-D Torus,Northern Europe,Europe
271,Volvo,IBM,SP Power3 375 MHz,Sweden,2000,80,84,120,0,0,Power,POWER3,375,IBM SP,AIX,MPP,Industry,Automotive,SP Switch,SP Switch,Northern Europe,Europe
350,Saab Automobile AB,SGI,ORIGIN 2000 400 MHz,Sweden,2000,112,71.7,89.6,0,0,MIPS,MIPS R12000,400,SGI Origin,Linux,MPP,Industry,Automotive,Crossbar,Hypercube,Northern Europe,Europe
382,Volvo,IBM,SP Power3 375 MHz,Sweden,2000,64,67.78,96,76000,10400,Power,POWER3,375,IBM SP,AIX,MPP,Industry,Automotive,SP Switch,SP Switch,Northern Europe,Europe
395,KTH - Royal Institute of Technology,IBM,SP P2SC 160 MHz,Sweden,1998,146,64.8,93.44,0,0,Power,POWER2 SC,160,IBM SP,AIX,MPP,Academic,Not Specified,SP Switch,SP Switch,Northern Europe,Europe
460,Lunds Tekniska Hogskola,SGI,ORIGIN 2000 300 MHz,Sweden,1999,116,59.1,69.6,0,0,MIPS,MIPS R12000,300.3,SGI Origin,Linux,MPP,Academic,Not Specified,Crossbar,Hypercube,Northern Europe,Europe
476,Volvo,IBM,SP Power3 200 MHz,Sweden,2000,96,58.3,76.8,0,0,Power,POWER3,200,IBM SP,AIX,MPP,Industry,Automotive,SP Switch,SP Switch,Northern Europe,Europe
265,Credit Suisse,IBM,SP Power3 375 MHz,Switzerland,2000,80,84,120,0,0,Power,POWER3,375,IBM SP,AIX,MPP,Industry,Finance,SP Switch,SP Switch,Western Europe,Europe
329,IBM Research,IBM,SP Power3 200 MHz,Switzerland,1999,128,76.77,102.4,89000,11500,Power,POWER3,200,IBM SP,AIX,MPP,Research,Not Specified,SP Switch,SP Switch,Western Europe,Europe
352,Zuerich Versicherung,IBM,SP PC604e 332 MHz,Switzerland,2000,168,71,111.55,0,0,Power,PowerPC 604e,332.2,IBM SP,AIX,MPP,Industry,Database,SP Switch,SP Switch,Western Europe,Europe
356,Deutsche Bank,IBM,SP PC604e 332 MHz,Switzerland,1999,166,70.2,110.22,0,0,Power,PowerPC 604e,332.2,IBM SP,AIX,MPP,Industry,Finance,SP Switch,SP Switch,Western Europe,Europe
432,Atraxis AG,IBM,SP PC604e 332 MHz,Switzerland,2000,146,61.8,96.94,0,0,Power,PowerPC 604e,332.2,IBM SP,AIX,MPP,Industry,Transportation,SP Switch,SP Switch,Western Europe,Europe
437,EVE Bank,IBM,SP PC604e 332 MHz,Switzerland,1999,144,60.9,95.61,0,0,Power,PowerPC 604e,332.2,IBM SP,AIX,MPP,Industry,Finance,SP Switch,SP Switch,Western Europe,Europe
441,UBS AG,IBM,SP PC604e 332 MHz,Switzerland,1999,144,60.9,95.61,0,0,Power,PowerPC 604e,332.2,IBM SP,AIX,MPP,Industry,Finance,SP Switch,SP Switch,Western Europe,Europe
447,Swiss Scientific Computing Center (CSCS),NEC,SX-5/8A,Switzerland,1999,8,59.6,64,0,0,NEC,NEC,250,NEC Vector,Super-UX,SMP,Research,Not Specified,Crossbar,Multi-stage crossbar,Western Europe,Europe
104,National Center for High Performance Computing,IBM,SP Power3 375 MHz,Taiwan,2000,168,171,252,0,0,Power,POWER3,375,IBM SP,AIX,MPP,Academic,Not Specified,SP Switch,SP Switch,Eastern Asia,Asia
129,Taiwan Central Weather Bureau & CAA,Fujitsu,VPP5000/15,Taiwan,1999,15,139,144,0,0,Fujitsu,Fujitsu,300,Fujitsu VPP,UXP/V,MPP,Research,Weather and Climate Research,Crossbar,Full distributed crossbar,Eastern Asia,Asia
12,ECMWF,Fujitsu,VPP5000/100,United Kingdom,2000,100,886,960,195600,18000,Fujitsu,Fujitsu,300,Fujitsu VPP,UXP/V,MPP,Research,Weather and Climate Research,Crossbar,Full distributed crossbar,Northern Europe,Europe
22,CSAR at the University of Manchester,Cray Inc.,T3E1200,United Kingdom,2000,812,671,974.4,0,0,Alpha,Alpha EV56,598.8,Cray T3E/T3D,UNICOS,MPP,Academic,Not Specified,Cray Interconnect,3-D Torus,Northern Europe,Europe
26,United Kingdom Meteorological Office,Cray Inc.,T3E900,United Kingdom,1997,876,552,788.4,0,0,Alpha,Alpha EV5,450.5,Cray T3E/T3D,UNICOS,MPP,Research,Weather and Climate Research,Cray Interconnect,3-D Torus,Northern Europe,Europe
29,United Kingdom Meteorological Office,Cray Inc.,T3E1200,United Kingdom,1999,636,526,763.2,0,0,Alpha,Alpha EV56,598.8,Cray T3E/T3D,UNICOS,MPP,Research,Weather and Climate Research,Cray Interconnect,3-D Torus,Northern Europe,Europe
89,University of Edinburgh,Cray Inc.,T3E900,United Kingdom,1997,348,218,313.2,0,0,Alpha,Alpha EV5,450.5,Cray T3E/T3D,UNICOS,MPP,Academic,Not Specified,Cray Interconnect,3-D Torus,Northern Europe,Europe
90,ECMWF,Fujitsu,VPP700/116,United Kingdom,1997,116,213,255.2,111360,18560,Fujitsu,Fujitsu,137.5,Fujitsu VPP,UXP/V,MPP,Research,Weather and Climate Research,Crossbar,Full distributed crossbar,Northern Europe,Europe
152,British Airways,IBM,SP PC604e 332 MHz,United Kingdom,1999,302,126,200.5,0,0,Power,PowerPC 604e,332.2,IBM SP,AIX,MPP,Industry,Transportation,SP Switch,SP Switch,Northern Europe,Europe
156,Western Geophysical,IBM,SP Power3 375 MHz,United Kingdom,2000,120,124,180,0,0,Power,POWER3,375,IBM SP,AIX,MPP,Industry,Geophysics,SP Switch,SP Switch,Northern Europe,Europe
169,Airline,Sun Microsystems,HPC 10000 400 MHz Cluster,United Kingdom,2000,192,118.16,153.6,0,0,Sparc,UltraSPARC II,400,Sun UltraHPC,Solaris,Constellations,Industry,Transportation,N/A,N/A,Northern Europe,Europe
174,Financial Services,Sun Microsystems,HPC 10000 400 MHz Cluster,United Kingdom,2000,192,118.16,153.6,0,0,Sparc,UltraSPARC II,400,Sun UltraHPC,Solaris,Constellations,Industry,Finance,N/A,N/A,Northern Europe,Europe
190,Atomic Weapons Establishment,IBM,SP P2SC 160 MHz,United Kingdom,1999,252,109.9,161.2,0,0,Power,POWER2 SC,160,IBM SP,AIX,MPP,Classified,Not Specified,SP Switch,SP Switch,Northern Europe,Europe
214,ECMWF,Fujitsu,VPP700/48E,United Kingdom,1998,48,97.5,115.2,0,0,Fujitsu,Fujitsu,150,Fujitsu VPP,UXP/V,MPP,Research,Weather and Climate Research,Crossbar,Full distributed crossbar,Northern Europe,Europe
225,University of Manchester,IBM,SP Power3 375 MHz,United Kingdom,2000,88,92.1,132,0,0,Power,POWER3,375,IBM SP,AIX,MPP,Academic,Not Specified,SP Switch,SP Switch,Northern Europe,Europe
253,UK Astrophysical Fluids Facility/University of Leicester,SGI,ORIGIN 3000 400 MHz,United Kingdom,2000,128,85.44,102.4,65536,0,MIPS,MIPS R12000,400,SGI Origin,Linux,MPP,Academic,Not Specified,Crossbar,Hypercube,Northern Europe,Europe
276,CSAR at the University of Manchester,SGI,ORIGIN 2000 400 MHz,United Kingdom,2000,128,81.76,102.4,65536,0,MIPS,MIPS R12000,400,SGI Origin,Linux,MPP,Academic,Not Specified,Crossbar,Hypercube,Northern Europe,Europe
286,Bank,Sun Microsystems,HPC 10000 400 MHz Cluster,United Kingdom,2000,128,80.1,102.4,57120,10752,Sparc,UltraSPARC II,400,Sun UltraHPC,Solaris,Constellations,Industry,Finance,N/A,N/A,Northern Europe,Europe
289,Consulting,Sun Microsystems,HPC 10000 400 MHz Cluster,United Kingdom,2000,128,80.1,102.4,57120,10752,Sparc,UltraSPARC II,400,Sun UltraHPC,Solaris,Constellations,Industry,Not Specified,N/A,N/A,Northern Europe,Europe
295,Ford Motor Company,Sun Microsystems,HPC 10000 400 MHz Cluster,United Kingdom,2000,128,80.1,102.4,57120,10752,Sparc,UltraSPARC II,400,Sun UltraHPC,Solaris,Constellations,Industry,Automotive,N/A,N/A,Northern Europe,Europe
320,Government,IBM,SP P2SC 160 MHz,United Kingdom,1999,178,78.4,113.9,0,0,Power,POWER2 SC,160,IBM SP,AIX,MPP,Classified,Not Specified,SP Switch,SP Switch,Northern Europe,Europe
330,British Airways,IBM,SP Power3 375 MHz,United Kingdom,2000,72,75.9,108,0,0,Power,POWER3,375,IBM SP,AIX,MPP,Industry,Transportation,SP Switch,SP Switch,Northern Europe,Europe
331,Ensign Geophysics,IBM,SP Power3 375 MHz,United Kingdom,2000,72,75.9,108,0,0,Power,POWER3,375,IBM SP,AIX,MPP,Industry,Geophysics,SP Switch,SP Switch,Northern Europe,Europe
333,Bank,Sun Microsystems,HPC 10000 400 MHz Cluster,United Kingdom,2000,120,75.8,96,0,0,Sparc,UltraSPARC II,400,Sun UltraHPC,Solaris,Constellations,Industry,Finance,N/A,N/A,Northern Europe,Europe
359,Prudential Insurance,Sun Microsystems,HPC 10000 400 MHz Cluster,United Kingdom,1999,112,70.12,89.6,0,0,Sparc,UltraSPARC II,400,Sun UltraHPC,Solaris,Constellations,Industry,Database,N/A,N/A,Northern Europe,Europe
372,Ensign Geophysics,IBM,SP Power3 375 MHz,United Kingdom,2000,64,67.78,96,76000,10400,Power,POWER3,375,IBM SP,AIX,MPP,Industry,Geophysics,SP Switch,SP Switch,Northern Europe,Europe
413,Sony Data,IBM,SP PC604e 332 MHz,United Kingdom,1999,148,62.6,98.27,0,0,Power,PowerPC 604e,332.2,IBM SP,AIX,MPP,Industry,Not Specified,SP Switch,SP Switch,Northern Europe,Europe
448,Veritas DGC,NEC,SX-5/8B,United Kingdom,2000,8,59.6,64,0,0,NEC,NEC,250,NEC Vector,Super-UX,SMP,Industry,Geophysics,Crossbar,Multi-stage crossbar,Northern Europe,Europe
458,Atomic Weapons Establishment,IBM,SP PC604e 332 MHz,United Kingdom,1998,140,59.3,92.96,0,0,Power,PowerPC 604e,332.2,IBM SP,AIX,MPP,Classified,Not Specified,SP Switch,SP Switch,Northern Europe,Europe
462,E-commerce,Sun Microsystems,HPC 10000 400 MHz Cluster,United Kingdom,2000,96,59.04,76.8,0,0,Sparc,UltraSPARC II,400,Sun UltraHPC,Solaris,Constellations,Industry,WWW,N/A,N/A,Northern Europe,Europe
466,Pharmaceutical,Sun Microsystems,HPC 10000 400 MHz Cluster,United Kingdom,2000,96,59.04,76.8,0,0,Sparc,UltraSPARC II,400,Sun UltraHPC,Solaris,Constellations,Industry,Pharmaceutics,N/A,N/A,Northern Europe,Europe
471,University of Cambridge,Hitachi,SR2201/256,United Kingdom,1998,256,58.68,76.8,77760,13440,PA-RISC,PA-RISC HARP-1E,150,Hitachi SR2xxx,HI-UX/MPP,MPP,Academic,Not Specified,Crossbar,Hyper crossbar,Northern Europe,Europe
474,Lloyds TSB,IBM,SP PC604e 332 MHz,United Kingdom,2000,138,58.4,91.63,0,0,Power,PowerPC 604e,332.2,IBM SP,AIX,MPP,Industry,Finance,SP Switch,SP Switch,Northern Europe,Europe
475,Geco-Prakla,IBM,SP Power3 200 MHz,United Kingdom,2000,96,58.3,76.8,0,0,Power,POWER3,200,IBM SP,AIX,MPP,Industry,Geophysics,SP Switch,SP Switch,Northern Europe,Europe
489,P&O NedLloyd,IBM,SP PC604e 332 MHz,United Kingdom,2000,134,56.7,88.97,0,0,Power,PowerPC 604e,332.2,IBM SP,AIX,MPP,Industry,Database,SP Switch,SP Switch,Northern Europe,Europe
493,Government,IBM,SP Power3 200 MHz,United Kingdom,1998,92,56,73.6,0,0,Power,POWER3,200,IBM SP,AIX,MPP,Classified,Not Specified,SP Switch,SP Switch,Northern Europe,Europe
1,Lawrence Livermore National Laboratory,IBM,"ASCI White, SP Power3 375 MHz",United States,2000,8192,4938,12288,430000,430000,Power,POWER3,375,IBM SP,AIX,MPP,Research,Not Specified,SP Switch,SP Switch,North America,Americas
2,Sandia National Laboratories,Intel,ASCI Red,United States,1999,9632,2379,3207,362880,75400,Intel IA-32,Intel IA-32 Pentium Pro,333.3,intel Paragon,Paragon OS,MPP,Research,Not Specified,Proprietary,Proprietary,North America,Americas
3,Lawrence Livermore National Laboratory,IBM,"ASCI Blue-Pacific SST, IBM SP 604e",United States,1999,5808,2144,3856.5,431344,0,Power,PowerPC 604e,332.2,IBM SP,AIX,MPP,Research,Not Specified,SP Switch,SP Switch,North America,Americas
4,Los Alamos National Laboratory,SGI,ASCI Blue Mountain,United States,1998,6144,1608,3072,374400,138000,MIPS,MIPS R10000,250,SGI Origin,IRIX,MPP,Research,Not Specified,HIPPI,HIPPI,North America,Americas
5,Naval Oceanographic Office (NAVOCEANO),IBM,SP Power3 375 MHz,United States,2000,1336,1417,2004,374000,0,Power,POWER3,375,IBM SP,AIX,MPP,Research,Weather and Climate Research,SP Switch,SP Switch,North America,Americas
6,National Centers for Environmental Prediction,IBM,SP Power3 375 MHz,United States,2000,1104,1179,1656,0,0,Power,POWER3,375,IBM SP,AIX,MPP,Research,Weather and Climate Research,SP Switch,SP Switch,North America,Americas
8,UCSD/San Diego Supercomputer Center,IBM,SP Power3 375 MHz 8 way,United States,2000,1152,929,1728,220000,62000,Power,POWER3,375,IBM SP,AIX,MPP,Academic,Not Specified,SP Switch,SP Switch,North America,Americas
10,Government,Cray Inc.,T3E1200,United States,1998,1084,892,1300.8,0,0,Alpha,Alpha EV56,598.8,Cray T3E/T3D,UNICOS,MPP,Classified,Not Specified,Cray Interconnect,3-D Torus,North America,Americas
11,US Army HPC Research Center at NCS,Cray Inc.,T3E1200,United States,2000,1084,892,1300.8,0,0,Alpha,Alpha EV56,598.8,Cray T3E/T3D,UNICOS,MPP,Research,Not Specified,Cray Interconnect,3-D Torus,North America,Americas
14,Government,Cray Inc.,T3E900,United States,1997,1324,815,1191.6,134400,26880,Alpha,Alpha EV5,450.5,Cray T3E/T3D,UNICOS,MPP,Classified,Not Specified,Cray Interconnect,3-D Torus,North America,Americas
15,Charles Schwab,IBM,SP Power3 375 MHz,United States,2000,768,795,1152,0,0,Power,POWER3,375,IBM SP,AIX,MPP,Industry,Finance,SP Switch,SP Switch,North America,Americas
16,North Carolina Supercomputing Center (NCSC),IBM,SP Power3 375 MHz,United States,2000,720,741,1080,0,0,Power,POWER3,375,IBM SP,AIX,MPP,Academic,Not Specified,SP Switch,SP Switch,North America,Americas
17,Oak Ridge National Laboratory,IBM,SP Power3 375 MHz,United States,2000,704,723,1056,187000,37500,Power,POWER3,375,IBM SP,AIX,MPP,Research,Not Specified,SP Switch,SP Switch,North America,Americas
19,Los Alamos National Laboratory/ACL,SGI,ORIGIN 2000 250 MHz,United States,1999,2048,690.9,1024,229248,80640,MIPS,MIPS R10000,250,SGI Origin,IRIX,MPP,Research,Not Specified,Crossbar,Hypercube,North America,Americas
20,NCAR (National Center for Atmospheric Research),IBM,SP Power3 375 MHz,United States,2000,668,688,1002,0,0,Power,POWER3,375,IBM SP,AIX,MPP,Research,Weather and Climate Research,SP Switch,SP Switch,North America,Americas
21,Naval Oceanographic Office (NAVOCEANO),Cray Inc.,T3E900,United States,1999,1084,675,975.6,0,0,Alpha,Alpha EV5,450.5,Cray T3E/T3D,UNICOS,MPP,Research,Weather and Climate Research,Cray Interconnect,3-D Torus,North America,Americas
25,Wright-Patterson Air Force Base/DoD ASC,IBM,SP Power3 375 MHz,United States,2000,528,553,792,0,0,Power,POWER3,375,IBM SP,AIX,MPP,Research,Defense,SP Switch,SP Switch,North America,Americas
27,IBM,IBM,SP Power3 375 MHz 16 way,United States,2000,512,546,768,148000,33000,Power,POWER3,375,IBM SP,AIX,MPP,Vendor,Not Specified,SP Switch,SP Switch,North America,Americas
28,US Army Research Laboratory (ARL),IBM,SP Power3 375 MHz 16 way,United States,2000,512,546,768,148000,33000,Power,POWER3,375,IBM SP,AIX,MPP,Research,Not Specified,SP Switch,SP Switch,North America,Americas
30,NASA/Goddard Space Flight Center,Cray Inc.,T3E,United States,2000,1356,525,813.6,0,0,Alpha,Alpha EV5,300.3,Cray T3E/T3D,UNICOS,MPP,Research,Weather and Climate Research,Cray Interconnect,3-D Torus,North America,Americas
31,Hewlett-Packard,Hewlett-Packard,AlphaServer SC ES40/EV67,United States,2000,512,507.6,682.66,200000,30000,Alpha,Alpha EV67,666.7,HP AlphaServer SC/GS,Tru64 UNIX,Cluster,Vendor,Benchmarking,Quadrics,Quadrics,North America,Americas
32,Lawrence Livermore National Laboratory,Hewlett-Packard,AlphaServer SC ES40/EV67,United States,2000,512,507.6,682.66,200000,30000,Alpha,Alpha EV67,666.7,HP AlphaServer SC/GS,Tru64 UNIX,Cluster,Research,Not Specified,Quadrics,Quadrics,North America,Americas
34,Charles Schwab,IBM,SP PC604e 332 MHz,United States,1999,1504,490,998.6,0,0,Power,PowerPC 604e,332.2,IBM SP,AIX,MPP,Industry,Finance,SP Switch,SP Switch,North America,Americas
36,Lawrence Livermore National Laboratory,IBM,"ASCI Blue-Pacific CTR, IBM SP 604e",United States,1998,1344,468.2,892.4,205000,65000,Power,PowerPC 604e,332.2,IBM SP,AIX,MPP,Research,Not Specified,SP Switch,SP Switch,North America,Americas
38,Cray Inc.,Cray Inc.,T3E1200,United States,1998,540,447,648,181440,17280,Alpha,Alpha EV56,598.8,Cray T3E/T3D,UNICOS,MPP,Vendor,Not Specified,Cray Interconnect,3-D Torus,North America,Americas
39,ERDC MSRC,Cray Inc.,T3E1200,United States,1999,540,447,648,181440,17280,Alpha,Alpha EV56,598.8,Cray T3E/T3D,UNICOS,MPP,Research,Mechanics,Cray Interconnect,3-D Torus,North America,Americas
41,Government,Cray Inc.,T3E1200,United States,1998,540,447,648,181440,17280,Alpha,Alpha EV56,598.8,Cray T3E/T3D,UNICOS,MPP,Classified,Not Specified,Cray Interconnect,3-D Torus,North America,Americas
42,NERSC/LBNL,Cray Inc.,T3E900,United States,1997,692,444,622.8,0,0,Alpha,Alpha EV5,450.5,Cray T3E/T3D,UNICOS,MPP,Research,Not Specified,Cray Interconnect,3-D Torus,North America,Americas
45,Service Provider,Sun Microsystems,HPC 4500 400 MHz Cluster,United States,2000,896,420.44,716.8,144000,43200,Sparc,Sparc,200,NOW - Sun,Solaris,Cluster,Industry,WWW,N/A,N/A,North America,Americas
46,Sun,Sun Microsystems,HPC 4500 400 MHz Cluster,United States,2000,896,420.44,716.8,144000,43200,Sparc,Sparc,200,NOW - Sun,Solaris,Cluster,Vendor,Not Specified,N/A,N/A,North America,Americas
47,Sun,Sun Microsystems,HPC 4500 400 MHz Cluster,United States,2000,896,420.44,716.8,144000,43200,Sparc,Sparc,200,NOW - Sun,Solaris,Cluster,Vendor,Not Specified,N/A,N/A,North America,Americas
52,Pittsburgh Supercomputing Center,Cray Inc.,T3E900,United States,1998,540,341,486,0,0,Alpha,Alpha EV5,450.5,Cray T3E/T3D,UNICOS,MPP,Academic,Not Specified,Cray Interconnect,3-D Torus,North America,Americas
54,Government,Cray Inc.,T3E1200,United States,1999,404,334,484.8,0,0,Alpha,Alpha EV56,598.8,Cray T3E/T3D,UNICOS,MPP,Classified,Not Specified,Cray Interconnect,3-D Torus,North America,Americas
55,University of Minnesota/Supercomputing Institute,IBM,SP Power3 375 MHz,United States,2000,322,330,483,0,0,Power,POWER3,375,IBM SP,AIX,MPP,Academic,Not Specified,SP Switch,SP Switch,North America,Americas
56,Government,Cray Inc.,T3E1200,United States,2000,396,328,475.2,0,0,Alpha,Alpha EV56,598.8,Cray T3E/T3D,UNICOS,MPP,Classified,Not Specified,Cray Interconnect,3-D Torus,North America,Americas
57,Maui High-Performance Computing Center (MHPCC),IBM,SP Power3 375 MHz,United States,2000,320,327,480,0,0,Power,POWER3,375,IBM SP,AIX,MPP,Research,Not Specified,SP Switch,SP Switch,North America,Americas
60,NERSC/LBNL,IBM,SP Power3 200 MHz,United States,1999,604,310.3,483.2,0,0,Power,POWER3,200,IBM SP,AIX,MPP,Research,Not Specified,SP Switch,SP Switch,North America,Americas
61,ERDC MSRC,IBM,SP Power3 222 MHz,United States,2000,512,307.6,454.6,148000,35000,Power,POWER3,222.2,IBM SP,AIX,MPP,Research,Not Specified,SP Switch,SP Switch,North America,Americas
62,NASA/Ames Research Center/NAS,SGI,ORIGIN 2000 400 MHz,United States,2000,512,300.2,409.6,130560,21216,MIPS,MIPS R12000,400,SGI Origin,Linux,MPP,Research,Aerospace,Crossbar,Hypercube,North America,Americas
64,US Army Space and Missile Defense Command,IBM,SP Power3 375 MHz,United States,2000,284,288,426,0,0,Power,POWER3,375,IBM SP,AIX,MPP,Research,Not Specified,SP Switch,SP Switch,North America,Americas
69,NCSA,SGI,ORIGIN 2000 195/250 MHz,United States,1998,1024,264.9,327.68,0,0,MIPS,MIPS,194.9,SGI Origin,IRIX,Constellations,Academic,Not Specified,Crossbar,Hypercube,North America,Americas
70,Oak Ridge National Laboratory,Hewlett-Packard,AlphaServer SC ES40/EV67,United States,2000,256,263.6,341.33,106000,20000,Alpha,Alpha EV67,666.7,HP AlphaServer SC/GS,Tru64 UNIX,Cluster,Research,Not Specified,Quadrics,Quadrics,North America,Americas
71,Pittsburgh Supercomputing Center,Hewlett-Packard,AlphaServer SC ES40/EV67,United States,2000,256,263.6,341.33,106000,20000,Alpha,Alpha EV67,666.7,HP AlphaServer SC/GS,Tru64 UNIX,Cluster,Academic,Not Specified,Quadrics,Quadrics,North America,Americas
72,Purdue University,IBM,SP Power3 375 MHz,United States,2000,256,257,384,148000,24000,Power,POWER3,375,IBM SP,AIX,MPP,Academic,Not Specified,SP Switch,SP Switch,North America,Americas
80,University of New Mexico,IBM,LosLobos,United States,2000,512,237,375.3,150000,20000,Intel IA-32,Intel IA-32 Pentium 3,735.3,NOW - Intel Pentium,Linux,Cluster,Academic,Not Specified,Fast Ethernet,Fast Ethernet,North America,Americas
81,Government,Cray Inc.,T3E1200,United States,1999,284,235,340.8,0,0,Alpha,Alpha EV56,598.8,Cray T3E/T3D,UNICOS,MPP,Classified,Not Specified,Cray Interconnect,3-D Torus,North America,Americas
82,Cray Inc.,Cray Inc.,T3E,United States,1997,540,234,324,86400,14400,Alpha,Alpha EV5,300.3,Cray T3E/T3D,UNICOS,MPP,Vendor,Not Specified,Cray Interconnect,3-D Torus,North America,Americas
84,Sandia National Laboratories,Self-made,CPlant/Siberia Cluster,United States,1999,580,232.6,580,0,0,Alpha,Alpha EV6,500,NOW - Alpha,N/A,Cluster,Research,Not Specified,Myrinet,Myrinet,North America,Americas
95,Hewlett-Packard,Hewlett-Packard,V2600/HyperPlex,United States,2000,256,196,563.2,0,0,PA-RISC,PA-RISC PA-8600,549.5,HP Superdome,HP Unix (HP-UX),Constellations,Vendor,Benchmarking,Myrinet,HyperPlex,North America,Americas
96,Forecast Systems Laboratory - NOAA,HPTi,ACL-276 667 MHz,United States,1999,276,196,368,80000,0,Alpha,Alpha EV67,666.7,NOW - Alpha,N/A,Cluster,Research,Weather and Climate Research,Myrinet,Myrinet,North America,Americas
97,NASA/Ames Research Center/NAS,SGI,ORIGIN 2000 300 MHz,United States,1999,512,195.6,307.2,110592,23040,MIPS,MIPS R12000,300.3,SGI Origin,Linux,MPP,Research,Aerospace,Crossbar,Hypercube,North America,Americas
99,Air Force Weather Agency,IBM,SP PC604e 332 MHz,United States,1999,440,181,292.1,0,0,Power,PowerPC 604e,332.2,IBM SP,AIX,MPP,Research,Weather and Climate Research,SP Switch,SP Switch,North America,Americas
101,Pacific Northwest National Laboratory,IBM,SP P2SC 120/135 MHz,United States,1998,512,180.906,248.32,62000,0,Power,Power,120,IBM SP,AIX,MPP,Research,Not Specified,SP Switch,SP Switch,North America,Americas
103,Florida State University,IBM,SP Power3 375 MHz,United States,2000,168,171,252,0,0,Power,POWER3,375,IBM SP,AIX,MPP,Academic,Not Specified,SP Switch,SP Switch,North America,Americas
106,"Network Computing Services, Inc.",Cray Inc.,T3E900,United States,1997,268,169,241.2,0,0,Alpha,Alpha EV5,450.5,Cray T3E/T3D,UNICOS,MPP,Industry,Not Specified,Cray Interconnect,3-D Torus,North America,Americas
107,University of Alaska - ARSC,Cray Inc.,T3E900,United States,1999,268,169,241.2,0,0,Alpha,Alpha EV5,450.5,Cray T3E/T3D,UNICOS,MPP,Academic,Not Specified,Cray Interconnect,3-D Torus,North America,Americas
109,Air Force Weather Agency,IBM,SP Power3 375 MHz,United States,2000,160,164,240,0,0,Power,POWER3,375,IBM SP,AIX,MPP,Research,Weather and Climate Research,SP Switch,SP Switch,North America,Americas
111,Philip Morris,IBM,SP Power3 375 MHz,United States,2000,160,164,240,0,0,Power,POWER3,375,IBM SP,AIX,MPP,Industry,Not Specified,SP Switch,SP Switch,North America,Americas
112,Bank Administration Institute (BAI),IBM,SP PC604e 332 MHz,United States,2000,396,163,262.8,0,0,Power,PowerPC 604e,332.2,IBM SP,AIX,MPP,Industry,Finance,SP Switch,SP Switch,North America,Americas
113,BCDI,IBM,SP PC604e 332 MHz,United States,2000,392,162,260.2,0,0,Power,PowerPC 604e,332.2,IBM SP,AIX,MPP,Industry,Not Specified,SP Switch,SP Switch,North America,Americas
114,Metallurgical Industry Co.,IBM,SP PC604e 332 MHz,United States,2000,392,162,260.2,0,0,Power,PowerPC 604e,332.2,IBM SP,AIX,MPP,Industry,Not Specified,SP Switch,SP Switch,North America,Americas
115,Support Net Inc,IBM,SP Power3 375 MHz,United States,2000,156,160,234,0,0,Power,POWER3,375,IBM SP,AIX,MPP,Industry,Not Specified,SP Switch,SP Switch,North America,Americas
119,Wright-Patterson Air Force Base/DoD ASC,SGI,ORIGIN 2000,United States,1999,512,152,199.68,0,0,MIPS,MIPS R10000,195,SGI Origin,IRIX,Constellations,Research,Not Specified,Crossbar,Hypercube,North America,Americas
120,State Farm,IBM,SP Power3 200 MHz,United States,1999,260,151.5,208,0,0,Power,POWER3,200,IBM SP,AIX,MPP,Industry,Database,SP Switch,SP Switch,North America,Americas
123,Prudential Insurance,IBM,SP Power3 375 MHz,United States,2000,144,148,216,0,0,Power,POWER3,375,IBM SP,AIX,MPP,Industry,Finance,SP Switch,SP Switch,North America,Americas
134,Bank,Sun Microsystems,HPC 10000 400 MHz Cluster,United States,2000,256,137.1,204.8,0,0,Sparc,UltraSPARC II,400,Sun UltraHPC,Solaris,Constellations,Industry,Finance,N/A,N/A,North America,Americas
136,E-commerce,Sun Microsystems,HPC 10000 400 MHz Cluster,United States,2000,256,137.1,204.8,0,0,Sparc,UltraSPARC II,400,Sun UltraHPC,Solaris,Constellations,Industry,WWW,N/A,N/A,North America,Americas
137,Ford Motor Company,Sun Microsystems,HPC 10000 400 MHz Cluster,United States,2000,256,137.1,204.8,0,0,Sparc,UltraSPARC II,400,Sun UltraHPC,Solaris,Constellations,Industry,Automotive,N/A,N/A,North America,Americas
138,GTE Communications,Sun Microsystems,HPC 10000 400 MHz Cluster,United States,2000,256,137.1,204.8,0,0,Sparc,UltraSPARC II,400,Sun UltraHPC,Solaris,Constellations,Industry,Telecomm,N/A,N/A,North America,Americas
139,GTE Communications,Sun Microsystems,HPC 10000 400 MHz Cluster,United States,2000,256,137.1,204.8,0,0,Sparc,UltraSPARC II,400,Sun UltraHPC,Solaris,Constellations,Industry,Telecomm,N/A,N/A,North America,Americas
140,Motorola,Sun Microsystems,HPC 10000 400 MHz Cluster,United States,2000,256,137.1,204.8,0,0,Sparc,UltraSPARC II,400,Sun UltraHPC,Solaris,Constellations,Industry,Electronics,N/A,N/A,North America,Americas
141,New York City - Human Resources,Sun Microsystems,HPC 10000 400 MHz Cluster,United States,1999,256,137.1,204.8,0,0,Sparc,UltraSPARC II,400,Sun UltraHPC,Solaris,Constellations,Government,Not Specified,N/A,N/A,North America,Americas
142,Sun,Sun Microsystems,HPC 10000 400 MHz Cluster,United States,2000,256,137.1,204.8,0,0,Sparc,UltraSPARC II,400,Sun UltraHPC,Solaris,Constellations,Industry,WWW,N/A,N/A,North America,Americas
143,US Army Research Laboratory (ARL),Sun Microsystems,HPC 10000 400 MHz Cluster,United States,1999,256,137.1,204.8,0,0,Sparc,UltraSPARC II,400,Sun UltraHPC,Solaris,Constellations,Research,Not Specified,N/A,N/A,North America,Americas
144,Kaiser Foundation,IBM,SP Power3 375 MHz,United States,2000,132,136,198,0,0,Power,POWER3,375,IBM SP,AIX,MPP,Industry,Not Specified,SP Switch,SP Switch,North America,Americas
145,IBM Credit Corporation,IBM,SP PC604e 332 MHz,United States,2000,320,133,212.4,0,0,Power,PowerPC 604e,332.2,IBM SP,AIX,MPP,Industry,Not Specified,SP Switch,SP Switch,North America,Americas
146,IBM Thomas J. Watson Research Center,IBM,SP PC604e 332 MHz,United States,2000,320,133,212.4,0,0,Power,PowerPC 604e,332.2,IBM SP,AIX,MPP,Research,Not Specified,SP Switch,SP Switch,North America,Americas
148,Princeton University,IBM,SP Power3 375 MHz,United States,2000,128,132,192,107000,15400,Power,POWER3,375,IBM SP,AIX,MPP,Academic,Not Specified,SP Switch,SP Switch,North America,Americas
151,Paine Webber,IBM,SP Power3 375 MHz,United States,2000,124,128,186,0,0,Power,POWER3,375,IBM SP,AIX,MPP,Industry,Finance,SP Switch,SP Switch,North America,Americas
153,IBM Thomas J. Watson Research Center,IBM,SP Power3 200 MHz,United States,2000,212,124.4,169.6,0,0,Power,POWER3,200,IBM SP,AIX,MPP,Research,Not Specified,SP Switch,SP Switch,North America,Americas
155,Geco-Prakla,IBM,SP Power3 375 MHz,United States,2000,120,124,180,0,0,Power,POWER3,375,IBM SP,AIX,MPP,Industry,Geophysics,SP Switch,SP Switch,North America,Americas
166,Financial Services,Sun Microsystems,HPC 420 400 MHz Cluster,United States,2000,180,121.9,144,0,0,Sparc,Sparc,200,NOW - Sun,Solaris,Cluster,Industry,Finance,N/A,N/A,North America,Americas
172,BellSouth,Sun Microsystems,HPC 10000 400 MHz Cluster,United States,2000,192,118.16,153.6,0,0,Sparc,UltraSPARC II,400,Sun UltraHPC,Solaris,Constellations,Industry,Telecomm,N/A,N/A,North America,Americas
173,Chase GlobalNet,Sun Microsystems,HPC 10000 400 MHz Cluster,United States,2000,192,118.16,153.6,0,0,Sparc,UltraSPARC II,400,Sun UltraHPC,Solaris,Constellations,Industry,Finance,N/A,N/A,North America,Americas
175,Gateway,Sun Microsystems,HPC 10000 400 MHz Cluster,United States,2000,192,118.16,153.6,0,0,Sparc,UltraSPARC II,400,Sun UltraHPC,Solaris,Constellations,Industry,Manufacturing,N/A,N/A,North America,Americas
178,EDS,Sun Microsystems,HPC 10000 400 MHz Cluster,United States,2000,192,118.1,153.6,0,0,Sparc,UltraSPARC II,400,Sun UltraHPC,Solaris,Constellations,Industry,Finance,N/A,N/A,North America,Americas
181,Government,Cray Inc.,T3E,United States,1997,268,117,160.8,0,0,Alpha,Alpha EV5,300.3,Cray T3E/T3D,UNICOS,MPP,Classified,Not Specified,Cray Interconnect,3-D Torus,North America,Americas
183,UCSD/San Diego Supercomputer Center,Cray Inc.,T3E,United States,1996,268,117,160.8,0,0,Alpha,Alpha EV5,300.3,Cray T3E/T3D,UNICOS,MPP,Academic,Not Specified,Cray Interconnect,3-D Torus,North America,Americas
184,Geco-Prakla,IBM,SP Power3 375 MHz,United States,2000,112,116,168,0,0,Power,POWER3,375,IBM SP,AIX,MPP,Industry,Geophysics,SP Switch,SP Switch,North America,Americas
186,Phillips Petroleum Company,Cray Inc.,T3E1350,United States,2000,132,113.9,178.2,0,0,Alpha,Alpha EV56,675.7,Cray T3E/T3D,UNICOS,MPP,Industry,Geophysics,Cray Interconnect,3-D Torus,North America,Americas
187,Sprint PCS,IBM,SP PC604e 332 MHz,United States,1999,268,112,177.9,0,0,Power,PowerPC 604e,332.2,IBM SP,AIX,MPP,Industry,Telecomm,SP Switch,SP Switch,North America,Americas
195,Maui High-Performance Computing Center (MHPCC),IBM,SP P2SC 160 MHz,United States,1998,243,106.1,155.52,0,0,Power,POWER2 SC,160,IBM SP,AIX,MPP,Research,Not Specified,SP Switch,SP Switch,North America,Americas
198,TRW,IBM,SP Power3 375 MHz,United States,2000,100,104,150,0,0,Power,POWER3,375,IBM SP,AIX,MPP,Industry,Automotive,SP Switch,SP Switch,North America,Americas
199,Manufacturing Company,IBM,SP PC604e 332 MHz,United States,1999,246,103,163.34,0,0,Power,PowerPC 604e,332.2,IBM SP,AIX,MPP,Industry,Manufacturing,SP Switch,SP Switch,North America,Americas
204,NASA/Ames Research Center/NAS,SGI,ORIGIN 2000 250 MHz,United States,1998,256,101.4,128,86400,13248,MIPS,MIPS R10000,250,SGI Origin,IRIX,MPP,Research,Aerospace,Crossbar,Hypercube,North America,Americas
205,Government,Cray Inc.,T3D MC1024-8,United States,1994,1024,100.5,153.6,81920,10224,Alpha,Alpha EV4,149.9,Cray T3E/T3D,UNICOS,MPP,Classified,Not Specified,Cray Interconnect,3-D Torus,North America,Americas
206,BRS STF,IBM,SP Power3 375 MHz,United States,2000,96,100,144,0,0,Power,POWER3,375,IBM SP,AIX,MPP,Industry,Not Specified,SP Switch,SP Switch,North America,Americas
213,Chase Manhattan,IBM,SP PC604e 332 MHz,United States,1999,232,98,154.04,0,0,Power,PowerPC 604e,332.2,IBM SP,AIX,MPP,Industry,Finance,SP Switch,SP Switch,North America,Americas
217,ERDC MSRC,IBM,SP P2SC 135 MHz,United States,1997,256,94.19,138.24,0,0,Power,POWER2 SC,135,IBM SP,AIX,MPP,Research,Not Specified,SP Switch,SP Switch,North America,Americas
218,Wright-Patterson Air Force Base/DoD ASC,IBM,SP P2SC 135 MHz,United States,1997,256,94.19,138.24,0,0,Power,POWER2 SC,135,IBM SP,AIX,MPP,Research,Not Specified,SP Switch,SP Switch,North America,Americas
219,Government,SGI,ORIGIN 2000 250 MHz - Eth-Cluster,United States,1999,256,92.99,128,81920,81920,MIPS,MIPS R10000,250,SGI Origin,IRIX,Constellations,Classified,Not Specified,Ethernet,Ethernet,North America,Americas
220,Government,SGI,ORIGIN 2000 250 MHz - Eth-Cluster,United States,1999,256,92.99,128,81920,81920,MIPS,MIPS R10000,250,SGI Origin,IRIX,Constellations,Classified,Not Specified,Ethernet,Ethernet,North America,Americas
221,Government,SGI,ORIGIN 2000 250 MHz - Eth-Cluster,United States,1999,256,92.99,128,81920,81920,MIPS,MIPS R10000,250,SGI Origin,IRIX,Constellations,Classified,Not Specified,Ethernet,Ethernet,North America,Americas
222,GWA Web,IBM,SP PC604e 332 MHz,United States,2000,218,92.1,144.75,0,0,Power,PowerPC 604e,332.2,IBM SP,AIX,MPP,Industry,Not Specified,SP Switch,SP Switch,North America,Americas
223,Digital Insight,IBM,SP Power3 375 MHz,United States,2000,88,92.1,132,0,0,Power,POWER3,375,IBM SP,AIX,MPP,Industry,Not Specified,SP Switch,SP Switch,North America,Americas
226,Western Geophysical,IBM,SP Power3 375 MHz,United States,2000,88,92.1,132,0,0,Power,POWER3,375,IBM SP,AIX,MPP,Industry,Geophysics,SP Switch,SP Switch,North America,Americas
227,Government,Cray Inc.,T3E750,United States,1997,172,89.8,129,0,0,Alpha,Alpha EV5,374.5,Cray T3E/T3D,UNICOS,MPP,Classified,Not Specified,Cray Interconnect,3-D Torus,North America,Americas
228,Finance Company,Sun Microsystems,HPC 10000 400 MHz Cluster,United States,2000,144,89.69,115.2,0,0,Sparc,UltraSPARC II,400,Sun UltraHPC,Solaris,Constellations,Industry,Finance,N/A,N/A,North America,Americas
229,Finance Company,Sun Microsystems,HPC 10000 400 MHz Cluster,United States,2000,144,89.69,115.2,0,0,Sparc,UltraSPARC II,400,Sun UltraHPC,Solaris,Constellations,Industry,Finance,N/A,N/A,North America,Americas
230,Government,SGI,ORIGIN 2000 250 MHz - Eth-Cluster,United States,1998,512,89,256,0,0,MIPS,MIPS R10000,250,SGI Origin,IRIX,Constellations,Classified,Not Specified,Ethernet,Ethernet,North America,Americas
231,Government,SGI,ORIGIN 2000 250 MHz - Eth-Cluster,United States,1999,256,89,128,0,0,MIPS,MIPS R10000,250,SGI Origin,IRIX,Constellations,Classified,Not Specified,Ethernet,Ethernet,North America,Americas
232,Government,SGI,ORIGIN 2000 250 MHz - Eth-Cluster,United States,1999,256,89,128,0,0,MIPS,MIPS R10000,250,SGI Origin,IRIX,Constellations,Classified,Not Specified,Ethernet,Ethernet,North America,Americas
233,Government,SGI,ORIGIN 2000 250 MHz - Eth-Cluster,United States,1999,256,89,128,0,0,MIPS,MIPS R10000,250,SGI Origin,IRIX,Constellations,Classified,Not Specified,Ethernet,Ethernet,North America,Americas
234,Government,SGI,ORIGIN 2000 250 MHz - Eth-Cluster,United States,1999,256,89,128,0,0,MIPS,MIPS R10000,250,SGI Origin,IRIX,Constellations,Classified,Not Specified,Ethernet,Ethernet,North America,Americas
235,Whirlpool,IBM,SP PC604e 332 MHz,United States,1999,210,88.7,139.44,0,0,Power,PowerPC 604e,332.2,IBM SP,AIX,MPP,Industry,Database,SP Switch,SP Switch,North America,Americas
236,First USA,IBM,SP PC604e 332 MHz,United States,1999,208,87.9,138.11,0,0,Power,PowerPC 604e,332.2,IBM SP,AIX,MPP,Industry,Finance,SP Switch,SP Switch,North America,Americas
237,Wright-Patterson Air Force Base/DoD ASC,Hewlett-Packard,AlphaServer GS320 731 MHz,United States,2000,128,87.51,187,110000,20000,Alpha,Alpha,731,HP AlphaServer SC/GS,Tru64 UNIX,Cluster,Research,Not Specified,Proprietary,Proprietary,North America,Americas
239,State of Ohio,IBM,SP PC604e 332 MHz,United States,2000,206,87,136.78,0,0,Power,PowerPC 604e,332.2,IBM SP,AIX,MPP,Government,Not Specified,SP Switch,SP Switch,North America,Americas
240,ERDC MSRC,SGI,ORIGIN 3000 400 MHz,United States,2000,128,85.44,102.4,65536,0,MIPS,MIPS R12000,400,SGI Origin,Linux,MPP,Research,Not Specified,Crossbar,Hypercube,North America,Americas
241,ERDC MSRC,SGI,ORIGIN 3000 400 MHz,United States,2000,128,85.44,102.4,65536,0,MIPS,MIPS R12000,400,SGI Origin,Linux,MPP,Research,Not Specified,Crossbar,Hypercube,North America,Americas
250,SGI,SGI,ORIGIN 3000 400 MHz,United States,2000,128,85.44,102.4,65536,0,MIPS,MIPS R12000,400,SGI Origin,Linux,MPP,Vendor,Not Specified,Crossbar,Hypercube,North America,Americas
251,SGI,SGI,ORIGIN 3000 400 MHz,United States,2000,128,85.44,102.4,65536,0,MIPS,MIPS R12000,400,SGI Origin,Linux,MPP,Vendor,Not Specified,Crossbar,Hypercube,North America,Americas
252,SGI,SGI,ORIGIN 3000 400 MHz,United States,2000,128,85.44,102.4,65536,0,MIPS,MIPS R12000,400,SGI Origin,Linux,MPP,Vendor,Not Specified,Crossbar,Hypercube,North America,Americas
254,US Army Research Laboratory (ARL),SGI,ORIGIN 3000 400 MHz,United States,2000,128,85.44,102.4,65536,0,MIPS,MIPS R12000,400,SGI Origin,Linux,MPP,Research,Not Specified,Crossbar,Hypercube,North America,Americas
255,US Army Research Laboratory (ARL),SGI,ORIGIN 3000 400 MHz,United States,2000,128,85.44,102.4,65536,0,MIPS,MIPS R12000,400,SGI Origin,Linux,MPP,Research,Not Specified,Crossbar,Hypercube,North America,Americas
256,US Army Research Laboratory (ARL),SGI,ORIGIN 3000 400 MHz,United States,2000,128,85.44,102.4,65536,0,MIPS,MIPS R12000,400,SGI Origin,Linux,MPP,Research,Not Specified,Crossbar,Hypercube,North America,Americas
257,US Army Research Laboratory (ARL),SGI,ORIGIN 3000 400 MHz,United States,2000,128,85.44,102.4,65536,0,MIPS,MIPS R12000,400,SGI Origin,Linux,MPP,Research,Not Specified,Crossbar,Hypercube,North America,Americas
258,US Army Research Laboratory (ARL),SGI,ORIGIN 3000 400 MHz,United States,2000,128,85.44,102.4,65536,0,MIPS,MIPS R12000,400,SGI Origin,Linux,MPP,Research,Not Specified,Crossbar,Hypercube,North America,Americas
259,US Army Research Laboratory (ARL),SGI,ORIGIN 3000 400 MHz,United States,2000,128,85.44,102.4,65536,0,MIPS,MIPS R12000,400,SGI Origin,Linux,MPP,Research,Not Specified,Crossbar,Hypercube,North America,Americas
260,Aetna Life Insurance,IBM,SP PC604e 332 MHz,United States,1999,200,84.5,132.8,0,0,Power,PowerPC 604e,332.2,IBM SP,AIX,MPP,Industry,Database,SP Switch,SP Switch,North America,Americas
261,Prudential Insurance,IBM,SP PC604e 332 MHz,United States,1999,200,84.5,132.8,0,0,Power,PowerPC 604e,332.2,IBM SP,AIX,MPP,Industry,Finance,SP Switch,SP Switch,North America,Americas
262,Sprint,IBM,SP PC604e 332 MHz,United States,1999,200,84.5,132.8,0,0,Power,PowerPC 604e,332.2,IBM SP,AIX,MPP,Industry,Telecomm,SP Switch,SP Switch,North America,Americas
263,Sprint,IBM,SP PC604e 332 MHz,United States,1999,200,84.5,132.8,0,0,Power,PowerPC 604e,332.2,IBM SP,AIX,MPP,Industry,Telecomm,SP Switch,SP Switch,North America,Americas
264,Aetna Life Insurance,IBM,SP Power3 375 MHz,United States,2000,80,84,120,0,0,Power,POWER3,375,IBM SP,AIX,MPP,Industry,Database,SP Switch,SP Switch,North America,Americas
267,Kroger,IBM,SP Power3 375 MHz,United States,2000,80,84,120,0,0,Power,POWER3,375,IBM SP,AIX,MPP,Industry,Database,SP Switch,SP Switch,North America,Americas
269,Philips Lighting,IBM,SP Power3 375 MHz,United States,2000,80,84,120,0,0,Power,POWER3,375,IBM SP,AIX,MPP,Industry,Not Specified,SP Switch,SP Switch,North America,Americas
272,ULC,IBM,SP PC604e 332 MHz,United States,2000,196,82.8,130.14,0,0,Power,PowerPC 604e,332.2,IBM SP,AIX,MPP,Industry,Not Specified,SP Switch,SP Switch,North America,Americas
274,NOAA/Geophysical Fluid Dynamics Laboratory (GFDL),Cray Inc.,T3E900,United States,1997,132,82.1,118.8,0,0,Alpha,Alpha EV5,450.5,Cray T3E/T3D,UNICOS,MPP,Research,Weather and Climate Research,Cray Interconnect,3-D Torus,North America,Americas
275,NAC RE International,IBM,SP PC604e 332 MHz,United States,2000,194,82,128.81,0,0,Power,PowerPC 604e,332.2,IBM SP,AIX,MPP,Industry,Not Specified,SP Switch,SP Switch,North America,Americas
277,Silicon Graphics,SGI,ORIGIN 2000 400 MHz,United States,2000,128,81.76,102.4,65536,0,MIPS,MIPS R12000,400,SGI Origin,Linux,MPP,Vendor,Not Specified,Crossbar,Hypercube,North America,Americas
278,Silicon Graphics,SGI,ORIGIN 2000 400 MHz,United States,2000,128,81.76,102.4,65536,0,MIPS,MIPS R12000,400,SGI Origin,Linux,MPP,Vendor,Not Specified,Crossbar,Hypercube,North America,Americas
280,Autozone,IBM,SP PC604e 332 MHz,United States,1999,192,81.1,127.48,0,0,Power,PowerPC 604e,332.2,IBM SP,AIX,MPP,Industry,Database,SP Switch,SP Switch,North America,Americas
281,Dupont,IBM,SP Power3 222 MHz,United States,2000,128,80.83,113.6,76000,15000,Power,POWER3,222.2,IBM SP,AIX,MPP,Industry,Not Specified,SP Switch,SP Switch,North America,Americas
282,Aerotek,Sun Microsystems,HPC 10000 400 MHz Cluster,United States,1999,128,80.1,102.4,57120,10752,Sparc,UltraSPARC II,400,Sun UltraHPC,Solaris,Constellations,Industry,Manufacturing,N/A,N/A,North America,Americas
283,Ameritrade Inc.,Sun Microsystems,HPC 10000 400 MHz Cluster,United States,2000,128,80.1,102.4,57120,10752,Sparc,UltraSPARC II,400,Sun UltraHPC,Solaris,Constellations,Industry,Finance,N/A,N/A,North America,Americas
285,Baker Hughes,Sun Microsystems,HPC 10000 400 MHz Cluster,United States,1999,128,80.1,102.4,57120,10752,Sparc,UltraSPARC II,400,Sun UltraHPC,Solaris,Constellations,Industry,Geophysics,N/A,N/A,North America,Americas
287,BellSouth,Sun Microsystems,HPC 10000 400 MHz Cluster,United States,2000,128,80.1,102.4,57120,10752,Sparc,UltraSPARC II,400,Sun UltraHPC,Solaris,Constellations,Industry,Telecomm,N/A,N/A,North America,Americas
290,Convergys Corporation,Sun Microsystems,HPC 10000 400 MHz Cluster,United States,2000,128,80.1,102.4,57120,10752,Sparc,UltraSPARC II,400,Sun UltraHPC,Solaris,Constellations,Industry,Finance,N/A,N/A,North America,Americas
292,E-commerce,Sun Microsystems,HPC 10000 400 MHz Cluster,United States,2000,128,80.1,102.4,57120,10752,Sparc,UltraSPARC II,400,Sun UltraHPC,Solaris,Constellations,Industry,WWW,N/A,N/A,North America,Americas
294,Electronics,Sun Microsystems,HPC 10000 400 MHz Cluster,United States,2000,128,80.1,102.4,57120,10752,Sparc,UltraSPARC II,400,Sun UltraHPC,Solaris,Constellations,Industry,Not Specified,N/A,N/A,North America,Americas
300,Lexis Nexis,Sun Microsystems,HPC 10000 400 MHz Cluster,United States,2000,128,80.1,102.4,57120,10752,Sparc,UltraSPARC II,400,Sun UltraHPC,Solaris,Constellations,Industry,Information Service,N/A,N/A,North America,Americas
301,Motorola,Sun Microsystems,HPC 10000 400 MHz Cluster,United States,2000,128,80.1,102.4,57120,10752,Sparc,UltraSPARC II,400,Sun UltraHPC,Solaris,Constellations,Industry,Electronics,N/A,N/A,North America,Americas
302,OfficeMax,Sun Microsystems,HPC 10000 400 MHz Cluster,United States,1999,128,80.1,102.4,57120,10752,Sparc,UltraSPARC II,400,Sun UltraHPC,Solaris,Constellations,Industry,Database,N/A,N/A,North America,Americas
304,RandomHouse,Sun Microsystems,HPC 10000 400 MHz Cluster,United States,1999,128,80.1,102.4,57120,10752,Sparc,UltraSPARC II,400,Sun UltraHPC,Solaris,Constellations,Industry,Database,N/A,N/A,North America,Americas
305,Rutgers University,Sun Microsystems,HPC 10000 400 MHz Cluster,United States,1999,128,80.1,102.4,57120,10752,Sparc,UltraSPARC II,400,Sun UltraHPC,Solaris,Constellations,Academic,Not Specified,N/A,N/A,North America,Americas
306,Stanford University/High Energy Physics,Sun Microsystems,HPC 10000 400 MHz Cluster,United States,2000,128,80.1,102.4,57120,10752,Sparc,UltraSPARC II,400,Sun UltraHPC,Solaris,Constellations,Academic,Not Specified,N/A,N/A,North America,Americas
307,Telecommunication Company,Sun Microsystems,HPC 10000 400 MHz Cluster,United States,2000,128,80.1,102.4,57120,10752,Sparc,UltraSPARC II,400,Sun UltraHPC,Solaris,Constellations,Industry,Telecomm,N/A,N/A,North America,Americas
310,Telecommunication Company,Sun Microsystems,HPC 10000 400 MHz Cluster,United States,2000,128,80.1,102.4,57120,10752,Sparc,UltraSPARC II,400,Sun UltraHPC,Solaris,Constellations,Industry,Telecomm,N/A,N/A,North America,Americas
311,Telecommunication Company,Sun Microsystems,HPC 10000 400 MHz Cluster,United States,2000,128,80.1,102.4,57120,10752,Sparc,UltraSPARC II,400,Sun UltraHPC,Solaris,Constellations,Industry,Telecomm,N/A,N/A,North America,Americas
312,Telecommunication Company,Sun Microsystems,HPC 10000 400 MHz Cluster,United States,2000,128,80.1,102.4,57120,10752,Sparc,UltraSPARC II,400,Sun UltraHPC,Solaris,Constellations,Industry,Telecomm,N/A,N/A,North America,Americas
314,W.W. Grainger,Sun Microsystems,HPC 10000 400 MHz Cluster,United States,2000,128,80.1,102.4,57120,10752,Sparc,UltraSPARC II,400,Sun UltraHPC,Solaris,Constellations,Industry,Database,N/A,N/A,North America,Americas
315,eBay,Sun Microsystems,HPC 10000 400 MHz Cluster,United States,2000,128,80.1,102.4,57120,10752,Sparc,UltraSPARC II,400,Sun UltraHPC,Solaris,Constellations,Industry,WWW,N/A,N/A,North America,Americas
316,AT&T,IBM,SP Power3 375 MHz,United States,2001,76,79.9,114,0,0,Power,POWER3,375,IBM SP,AIX,MPP,Industry,Telecomm,SP Switch,SP Switch,North America,Americas
317,TRW,IBM,SP Power3 375 MHz,United States,2000,76,79.9,114,0,0,Power,POWER3,375,IBM SP,AIX,MPP,Industry,Automotive,SP Switch,SP Switch,North America,Americas
322,GWA Web,IBM,SP Power3 375 MHz,United States,2000,74,77.9,111,0,0,Power,POWER3,375,IBM SP,AIX,MPP,Industry,Not Specified,SP Switch,SP Switch,North America,Americas
326,Internet Service Provider,Sun Microsystems,HPC 420 450 MHz Cluster,United States,2000,112,77.01,100.8,0,0,Sparc,Sparc,450.5,NOW - Sun,Solaris,Cluster,Industry,WWW,N/A,N/A,North America,Americas
327,Naval Oceanographic Office (NAVOCEANO),SGI,ORIGIN 2000,United States,1999,256,76.9,99.84,0,0,MIPS,MIPS R10000,195,SGI Origin,IRIX,Constellations,Research,Weather and Climate Research,Crossbar,Hypercube,North America,Americas
332,Georgia Institute of Technology,IBM,SP Power3 375 MHz,United States,2000,72,75.9,108,0,0,Power,POWER3,375,IBM SP,AIX,MPP,Research,Not Specified,SP Switch,SP Switch,North America,Americas
342,Lockheed Martin,IBM,SP Power3 200 MHz,United States,1999,124,74.4,99.2,0,0,Power,POWER3,200,IBM SP,AIX,MPP,Industry,Aerospace,SP Switch,SP Switch,North America,Americas
343,Manufacturing Company,IBM,SP Power3 375 MHz,United States,2000,70,73.8,105,0,0,Power,POWER3,375,IBM SP,AIX,MPP,Industry,Manufacturing,SP Switch,SP Switch,North America,Americas
344,2 The Mart,IBM,SP PC604e 332 MHz,United States,1999,174,73.6,115.5,0,0,Power,PowerPC 604e,332.2,IBM SP,AIX,MPP,Industry,Not Specified,SP Switch,SP Switch,North America,Americas
348,Adapco,IBM,SP Power3 375 MHz,United States,2000,68,71.8,102,0,0,Power,POWER3,375,IBM SP,AIX,MPP,Industry,Mechanics,SP Switch,SP Switch,North America,Americas
351,Government,Cray Inc.,T3E,United States,1997,164,71.1,98.4,0,0,Alpha,Alpha EV5,300.3,Cray T3E/T3D,UNICOS,MPP,Classified,Not Specified,Cray Interconnect,3-D Torus,North America,Americas
354,NASA/Goddard Space Flight Center,IBM,SP Power3 375 MHz 16 way,United States,2000,64,70.6,96,54000,11000,Power,POWER3,375,IBM SP,AIX,MPP,Research,Aerospace,SP Switch,SP Switch,North America,Americas
357,AT&T,Sun Microsystems,HPC 10000 400 MHz Cluster,United States,2000,112,70.12,89.6,0,0,Sparc,UltraSPARC II,400,Sun UltraHPC,Solaris,Constellations,Industry,Telecomm,N/A,N/A,North America,Americas
358,Computer Manufacturer,Sun Microsystems,HPC 10000 400 MHz Cluster,United States,2000,112,70.12,89.6,0,0,Sparc,UltraSPARC II,400,Sun UltraHPC,Solaris,Constellations,Industry,Manufacturing,N/A,N/A,North America,Americas
360,Joy Technologies,IBM,SP Power3 375 MHz,United States,2000,66,69.8,99,0,0,Power,POWER3,375,IBM SP,AIX,MPP,Industry,Not Specified,SP Switch,SP Switch,North America,Americas
363,Chip Manufacturer (B),IBM,SP2/402,United States,1997,402,69.33,106.93,0,0,Power,POWER2,66.5,IBM SP,AIX,MPP,Industry,Electronics,N/A,N/A,North America,Americas
370,Caltech,IBM,SP Power3 375 MHz,United States,2000,64,67.78,96,76000,10400,Power,POWER3,375,IBM SP,AIX,MPP,Academic,Not Specified,SP Switch,SP Switch,North America,Americas
373,IBM,IBM,SP Power3 375 MHz,United States,2000,64,67.78,96,76000,10400,Power,POWER3,375,IBM SP,AIX,MPP,Vendor,Not Specified,SP Switch,SP Switch,North America,Americas
374,Indiana University,IBM,SP Power3 375 MHz,United States,2000,64,67.78,96,76000,10400,Power,POWER3,375,IBM SP,AIX,MPP,Academic,Not Specified,SP Switch,SP Switch,North America,Americas
377,National Cancer Institute,IBM,SP Power3 375 MHz,United States,2000,64,67.78,96,76000,10400,Power,POWER3,375,IBM SP,AIX,MPP,Research,Not Specified,SP Switch,SP Switch,North America,Americas
378,Norwest Financial Services,IBM,SP Power3 375 MHz,United States,2000,64,67.78,96,76000,10400,Power,POWER3,375,IBM SP,AIX,MPP,Industry,Finance,SP Switch,SP Switch,North America,Americas
380,Philip Morris,IBM,SP Power3 375 MHz,United States,2000,64,67.78,96,76000,10400,Power,POWER3,375,IBM SP,AIX,MPP,Industry,Not Specified,SP Switch,SP Switch,North America,Americas
381,Science Applications International Corporation (SAIC),IBM,SP Power3 375 MHz,United States,2000,64,67.78,96,76000,10400,Power,POWER3,375,IBM SP,AIX,MPP,Industry,Not Specified,SP Switch,SP Switch,North America,Americas
383,Western Geophysical,IBM,SP Power3 375 MHz,United States,2000,64,67.78,96,76000,10400,Power,POWER3,375,IBM SP,AIX,MPP,Industry,Geophysics,SP Switch,SP Switch,North America,Americas
386,Government,Cray Inc.,T3E900,United States,1998,108,67.6,97.2,0,0,Alpha,Alpha EV5,450.5,Cray T3E/T3D,UNICOS,MPP,Classified,Not Specified,Cray Interconnect,3-D Torus,North America,Americas
389,NASA/Ames Research Center/NAS,SGI,ORIGIN 2000 250 MHz - Eth-Cluster,United States,2000,192,66.7,96,0,0,MIPS,MIPS R10000,250,SGI Origin,IRIX,Constellations,Research,Aerospace,Ethernet,Ethernet,North America,Americas
390,University of Arizona,SGI,ORIGIN 2000 400 MHz,United States,2000,104,66.6,83.2,0,0,MIPS,MIPS R12000,400,SGI Origin,Linux,MPP,Academic,Not Specified,Crossbar,Hypercube,North America,Americas
391,Federal Express,IBM,SP PC604e 332 MHz,United States,1999,156,66,103.58,0,0,Power,PowerPC 604e,332.2,IBM SP,AIX,MPP,Industry,Database,SP Switch,SP Switch,North America,Americas
392,TRW,IBM,SP PC604e 332 MHz,United States,1999,156,66,103.58,0,0,Power,PowerPC 604e,332.2,IBM SP,AIX,MPP,Industry,Automotive,SP Switch,SP Switch,North America,Americas
393,Monsanto,Sun Microsystems,HPC 420 450 MHz Cluster,United States,2000,96,65.8,86.4,0,0,Sparc,Sparc,450.5,NOW - Sun,Solaris,Cluster,Industry,Biology,N/A,N/A,North America,Americas
394,Monsanto,Sun Microsystems,HPC 450 400 MHz Cluster,United States,2000,96,65.8,76.8,0,0,Sparc,Sparc,200,NOW - Sun,Solaris,Cluster,Industry,Biology,N/A,N/A,North America,Americas
399,DaimlerChrysler,Hewlett-Packard,N4000 440 MHz/HyperPlex,United States,2000,96,63.8,168.96,0,0,PA-RISC,PA-RISC PA-8500,440.5,HP Superdome,HP Unix (HP-UX),Constellations,Industry,Automotive,Myrinet,HyperPlex,North America,Americas
400,University of Kentucky,Hewlett-Packard,N4000 440 MHz/HyperPlex,United States,2000,96,63.8,168.96,0,0,PA-RISC,PA-RISC PA-8500,440.5,HP Superdome,HP Unix (HP-UX),Constellations,Academic,Not Specified,Myrinet,HyperPlex,North America,Americas
402,Los Alamos National Laboratory,Hewlett-Packard,AlphaServer SC ES40/EV67,United States,2000,64,63.8,85.33,53000,9000,Alpha,Alpha EV67,666.7,HP AlphaServer SC/GS,Tru64 UNIX,Cluster,Research,Not Specified,Quadrics,Quadrics,North America,Americas
403,Oak Ridge National Laboratory,Hewlett-Packard,AlphaServer SC ES40/EV67,United States,2000,64,63.8,85.33,53000,9000,Alpha,Alpha EV67,666.7,HP AlphaServer SC/GS,Tru64 UNIX,Cluster,Research,Not Specified,Quadrics,Quadrics,North America,Americas
404,Wright-Patterson Air Force Base/DoD ASC,Hewlett-Packard,AlphaServer SC ES40/EV67,United States,2000,64,63.8,85.33,53000,9000,Alpha,Alpha EV67,666.7,HP AlphaServer SC/GS,Tru64 UNIX,Cluster,Research,Not Specified,Quadrics,Quadrics,North America,Americas
407,Pioneer-Standard Electronics,IBM,SP Power3 375 MHz,United States,2000,60,63.6,90,0,0,Power,POWER3,375,IBM SP,AIX,MPP,Industry,Not Specified,SP Switch,SP Switch,North America,Americas
409,Sandia National Laboratories,SGI,ORIGIN 2000,United States,1997,208,63.1,81.12,0,0,MIPS,MIPS R10000,195,SGI Origin,IRIX,Constellations,Research,Not Specified,Crossbar,Hypercube,North America,Americas
412,Bank of America,IBM,SP PC604e 332 MHz,United States,1999,148,62.6,98.27,0,0,Power,PowerPC 604e,332.2,IBM SP,AIX,MPP,Industry,Finance,SP Switch,SP Switch,North America,Americas
414,NCSA,Self-made,NT Supercluster,United States,1999,256,62.59,140.8,122500,20500,Intel IA-32,Intel IA-32 Pentium 3,550.1,NOW - Intel Pentium,Linux,Cluster,Academic,Not Specified,Fast Ethernet,Fast Ethernet,North America,Americas
415,Internet,Sun Microsystems,HPC 4500 400 MHz Cluster,United States,2000,110,62.27,88,0,0,Sparc,Sparc,200,NOW - Sun,Solaris,Cluster,Industry,WWW,N/A,N/A,North America,Americas
416,Boeing,SGI,ORIGIN 2000 300 MHz,United States,1999,128,62.25,76.8,60032,9000,MIPS,MIPS R12000,300.3,SGI Origin,Linux,MPP,Industry,Aerospace,Crossbar,Hypercube,North America,Americas
418,DaimlerChrysler,SGI,ORIGIN 2000 300 MHz,United States,1999,128,62.25,76.8,60032,9000,MIPS,MIPS R12000,300.3,SGI Origin,Linux,MPP,Industry,Automotive,Crossbar,Hypercube,North America,Americas
419,DaimlerChrysler,SGI,ORIGIN 2000 300 MHz,United States,1999,128,62.25,76.8,60032,9000,MIPS,MIPS R12000,300.3,SGI Origin,Linux,MPP,Industry,Automotive,Crossbar,Hypercube,North America,Americas
420,Fleet Numerical Meteorology and Oceanography Center,SGI,ORIGIN 2000 300 MHz,United States,1999,128,62.25,76.8,60032,9000,MIPS,MIPS R12000,300.3,SGI Origin,Linux,MPP,Research,Weather and Climate Research,Crossbar,Hypercube,North America,Americas
421,Ford Motor Company,SGI,ORIGIN 2000 300 MHz,United States,1999,128,62.25,76.8,60032,9000,MIPS,MIPS R12000,300.3,SGI Origin,Linux,MPP,Industry,Automotive,Crossbar,Hypercube,North America,Americas
422,NASA/ Jet Propulsion Laboratory,SGI,ORIGIN 2000 300 MHz,United States,1999,128,62.25,76.8,60032,9000,MIPS,MIPS R12000,300.3,SGI Origin,Linux,MPP,Research,Not Specified,Crossbar,Hypercube,North America,Americas
423,Princeton University,SGI,ORIGIN 2000 300 MHz,United States,1999,128,62.25,76.8,60032,9000,MIPS,MIPS R12000,300.3,SGI Origin,Linux,MPP,Academic,Not Specified,Crossbar,Hypercube,North America,Americas
425,US Army Research Laboratory (ARL),SGI,ORIGIN 2000 300 MHz,United States,1999,128,62.25,76.8,60032,9000,MIPS,MIPS R12000,300.3,SGI Origin,Linux,MPP,Research,Not Specified,Crossbar,Hypercube,North America,Americas
426,US Army Research Laboratory (ARL),SGI,ORIGIN 2000 300 MHz,United States,1999,128,62.25,76.8,60032,9000,MIPS,MIPS R12000,300.3,SGI Origin,Linux,MPP,Research,Not Specified,Crossbar,Hypercube,North America,Americas
430,Amazon,Hewlett-Packard,V2600/HyperPlex,United States,2000,64,62,140.8,0,0,PA-RISC,PA-RISC PA-8600,549.5,HP Superdome,HP Unix (HP-UX),Constellations,Industry,WWW,Myrinet,HyperPlex,North America,Americas
431,Ahold,IBM,SP Power3 375 MHz 16 way,United States,2000,56,62,84,0,0,Power,POWER3,375,IBM SP,AIX,MPP,Industry,Database,SP Switch,SP Switch,North America,Americas
434,Pitney Bowes,IBM,SP Power3 375 MHz,United States,2000,58,61.5,87,0,0,Power,POWER3,375,IBM SP,AIX,MPP,Industry,Not Specified,SP Switch,SP Switch,North America,Americas
440,Rabobank NED,IBM,SP PC604e 332 MHz,United States,2000,144,60.9,95.61,0,0,Power,PowerPC 604e,332.2,IBM SP,AIX,MPP,Industry,Not Specified,SP Switch,SP Switch,North America,Americas
443,BellSouth,Sun Microsystems,HPC 10000 400 MHz Cluster,United States,2000,96,59.7,76.8,0,0,Sparc,UltraSPARC II,400,Sun UltraHPC,Solaris,Constellations,Industry,Telecomm,N/A,N/A,North America,Americas
449,Bank of Boston,IBM,SP Power3 375 MHz,United States,2000,56,59.4,84,0,0,Power,POWER3,375,IBM SP,AIX,MPP,Industry,Finance,SP Switch,SP Switch,North America,Americas
451,First Union National Bank,IBM,SP Power3 375 MHz,United States,2000,56,59.4,84,0,0,Power,POWER3,375,IBM SP,AIX,MPP,Industry,Finance,SP Switch,SP Switch,North America,Americas
452,Frito Lay,IBM,SP Power3 375 MHz,United States,2000,56,59.4,84,0,0,Power,POWER3,375,IBM SP,AIX,MPP,Industry,Not Specified,SP Switch,SP Switch,North America,Americas
454,Prudential Securities,IBM,SP Power3 375 MHz,United States,2000,56,59.4,84,0,0,Power,POWER3,375,IBM SP,AIX,MPP,Industry,Not Specified,SP Switch,SP Switch,North America,Americas
455,United Healthcare,IBM,SP Power3 375 MHz,United States,2000,56,59.4,84,0,0,Power,POWER3,375,IBM SP,AIX,MPP,Industry,Database,SP Switch,SP Switch,North America,Americas
457,West Publishing,IBM,SP Power3 375 MHz,United States,2000,56,59.4,84,0,0,Power,POWER3,375,IBM SP,AIX,MPP,Industry,Not Specified,SP Switch,SP Switch,North America,Americas
459,Sears,IBM,SP PC604e 332 MHz,United States,1998,140,59.3,92.96,0,0,Power,PowerPC 604e,332.2,IBM SP,AIX,MPP,Industry,Database,SP Switch,SP Switch,North America,Americas
463,Finance Company,Sun Microsystems,HPC 10000 400 MHz Cluster,United States,2000,96,59.04,76.8,0,0,Sparc,UltraSPARC II,400,Sun UltraHPC,Solaris,Constellations,Industry,Finance,N/A,N/A,North America,Americas
473,Boston University,SGI,ORIGIN 2000,United States,1997,192,58.6,74.88,0,0,MIPS,MIPS R10000,195,SGI Origin,IRIX,Constellations,Academic,Not Specified,Crossbar,Hypercube,North America,Americas
484,Oracle Corporation,IBM,SP PC604e 332 MHz,United States,1999,136,57.6,90.3,0,0,Power,PowerPC 604e,332.2,IBM SP,AIX,MPP,Industry,Database,SP Switch,SP Switch,North America,Americas
486,Ohio Supercomputer Center,Cray Inc.,T3E,United States,1997,132,57.4,79.2,0,0,Alpha,Alpha EV5,300.3,Cray T3E/T3D,UNICOS,MPP,Academic,Not Specified,Cray Interconnect,3-D Torus,North America,Americas
490,Pennsylvania State University,IBM,SP PC604e 332 MHz,United States,1998,134,56.7,88.97,0,0,Power,PowerPC 604e,332.2,IBM SP,AIX,MPP,Academic,Not Specified,SP Switch,SP Switch,North America,Americas
491,ERDC MSRC,IBM,SP P2SC 160 MHz,United States,1998,126,56.37,80.64,0,0,Power,POWER2 SC,160,IBM SP,AIX,MPP,Research,Defense,SP Switch,SP Switch,North America,Americas
492,Environmental Protection Agency,Cray Inc.,T3E1200,United States,1999,68,56.3,81.6,0,0,Alpha,Alpha EV56,598.8,Cray T3E/T3D,UNICOS,MPP,Research,Not Specified,Cray Interconnect,3-D Torus,North America,Americas
498,A&P,IBM,SP Power3 375 MHz,United States,2000,52,55.3,78,0,0,Power,POWER3,375,IBM SP,AIX,MPP,Industry,Not Specified,SP Switch,SP Switch,North America,Americas
499,New York City - Department of Finance,IBM,SP Power3 375 MHz,United States,2000,52,55.3,78,0,0,Power,POWER3,375,IBM SP,AIX,MPP,Government,Not Specified,SP Switch,SP Switch,North America,Americas
500,Zurich American,IBM,SP Power3 375 MHz,United States,2000,52,55.3,78,0,0,Power,POWER3,375,IBM SP,AIX,MPP,Industry,Not Specified,SP Switch,SP Switch,North America,Americas